Season,Seed,TeamID,Gender,SeedNum,Region
1985,W01,1207,M,1,W
1985,W02,1210,M,2,W
1985,W03,1228,M,3,W
1985,W04,1260,M,4,W
1985,W05,1374,M,5,W
1985,W06,1208,M,6,W
1985,W07,1393,M,7,W
1985,W08,1396,M,8,W
1985,W09,1439,M,9,W
1985,W10,1177,M,10,W
1985,W11,1455,M,11,W
1985,W12,1330,M,12,W
1985,W13,1233,M,13,W
1985,W14,1318,M,14,W
1985,W15,1273,M,15,W
1985,W16,1250,M,16,W
1985,X01,1385,M,1,X
1985,X02,1433,M,2,X
1985,X03,1301,M,3,X
1985,X04,1424,M,4,X
1985,X05,1449,M,5,X
1985,X06,1409,M,6,X
1985,X07,1104,M,7,X
1985,X08,1234,M,8,X
1985,X09,1116,M,9,X
1985,X10,1112,M,10,X
1985,X11,1431,M,11,X
1985,X12,1246,M,12,X
1985,X13,1361,M,13,X
1985,X14,1305,M,14,X
1985,X15,1267,M,15,X
1985,X16,1380,M,16,X
1985,Y01,1328,M,1,Y
1985,Y02,1272,M,2,Y
1985,Y03,1181,M,3,Y
1985,Y04,1326,M,4,Y
1985,Y05,1256,M,5,Y
1985,Y06,1403,M,6,Y
1985,Y07,1412,M,7,Y
1985,Y08,1425,M,8,Y
1985,Y09,1229,M,9,Y
1985,Y10,1277,M,10,Y
1985,Y11,1130,M,11,Y
1985,Y12,1338,M,12,Y
1985,Y13,1235,M,13,Y
1985,Y14,1337,M,14,Y
1985,Y15,1335,M,15,Y
1985,Y16,1299,M,16,Y
1985,Z01,1276,M,1,Z
1985,Z02,1314,M,2,Z
1985,Z03,1242,M,3,Z
1985,Z04,1261,M,4,Z
1985,Z05,1268,M,5,Z
1985,Z06,1345,M,6,Z
1985,Z07,1323,M,7,Z
1985,Z08,1437,M,8,Z
1985,Z09,1173,M,9,Z
1985,Z10,1333,M,10,Z
1985,Z11,1120,M,11,Z
1985,Z12,1275,M,12,Z
1985,Z13,1298,M,13,Z
1985,Z14,1325,M,14,Z
1985,Z15,1292,M,15,Z
1985,Z16,1192,M,16,Z
1986,W01,1181,M,1,W
1986,W02,1393,M,2,W
1986,W03,1231,M,3,W
1986,W04,1328,M,4,W
1986,W05,1438,M,5,W
1986,W06,1386,M,6,W
1986,W07,1298,M,7,W
1986,W08,1330,M,8,W
1986,W09,1452,M,9,W
1986,W10,1409,M,10,W
1986,W11,1350,M,11,W
1986,W12,1177,M,12,W
1986,W13,1318,M,13,W
1986,W14,1156,M,14,W
1986,W15,1135,M,15,W
1986,W16,1290,M,16,W
1986,X01,1242,M,1,X
1986,X02,1276,M,2,X
1986,X03,1323,M,3,X
1986,X04,1207,M,4,X
1986,X05,1277,M,5,X
1986,X06,1301,M,6,X
1986,X07,1235,M,7,X
1986,X08,1239,M,8,X
1986,X09,1396,M,9,X
1986,X10,1275,M,10,X
1986,X11,1234,M,11,X
1986,X12,1449,M,12,X
1986,X13,1403,M,13,X
1986,X14,1114,M,14,X
1986,X15,1103,M,15,X
1986,X16,1299,M,16,X
1986,Y01,1246,M,1,Y
1986,Y02,1210,M,2,Y
1986,Y03,1272,M,3,Y
1986,Y04,1228,M,4,Y
1986,Y05,1104,M,5,Y
1986,Y06,1345,M,6,Y
1986,Y07,1439,M,7,Y
1986,Y08,1443,M,8,Y
1986,Y09,1304,M,9,Y
1986,Y10,1437,M,10,Y
1986,Y11,1261,M,11,Y
1986,Y12,1462,M,12,Y
1986,Y13,1193,M,13,Y
1986,Y14,1123,M,14,Y
1986,Y15,1265,M,15,Y
1986,Y16,1172,M,16,Y
1986,Z01,1385,M,1,Z
1986,Z02,1257,M,2,Z
1986,Z03,1314,M,3,Z
1986,Z04,1424,M,4,Z
1986,Z05,1268,M,5,Z
1986,Z06,1412,M,6,Z
1986,Z07,1133,M,7,Z
1986,Z08,1120,M,8,Z
1986,Z09,1112,M,9,Z
1986,Z10,1431,M,10,Z
1986,Z11,1281,M,11,Z
1986,Z12,1337,M,12,Z
1986,Z13,1419,M,13,Z
1986,Z14,1428,M,14,Z
1986,Z15,1180,M,15,Z
1986,Z16,1286,M,16,Z
1987,W01,1314,M,1,W
1987,W02,1393,M,2,W
1987,W03,1345,M,3,W
1987,W04,1395,M,4,W
1987,W05,1323,M,5,W
1987,W06,1196,M,6,W
1987,W07,1452,M,7,W
1987,W08,1298,M,8,W
1987,W09,1276,M,9,W
1987,W10,1443,M,10,W
1987,W11,1301,M,11,W
1987,W12,1292,M,12,W
1987,W13,1267,M,13,W
1987,W14,1318,M,14,W
1987,W15,1204,M,15,W
1987,W16,1335,M,16,W
1987,X01,1207,M,1,X
1987,X02,1104,M,2,X
1987,X03,1228,M,3,X
1987,X04,1155,M,4,X
1987,X05,1242,M,5,X
1987,X06,1344,M,6,X
1987,X07,1309,M,7,X
1987,X08,1246,M,8,X
1987,X09,1326,M,9,X
1987,X10,1140,M,10,X
1987,X11,1412,M,11,X
1987,X12,1222,M,12,X
1987,X13,1283,M,13,X
1987,X14,1122,M,14,X
1987,X15,1299,M,15,X
1987,X16,1137,M,16,X
1987,Y01,1231,M,1,Y
1987,Y02,1396,M,2,Y
1987,Y03,1177,M,3,Y
1987,Y04,1281,M,4,Y
1987,Y05,1181,M,5,Y
1987,Y06,1385,M,6,Y
1987,Y07,1210,M,7,Y
1987,Y08,1120,M,8,Y
1987,Y09,1360,M,9,Y
1987,Y10,1261,M,10,Y
1987,Y11,1455,M,11,Y
1987,Y12,1401,M,12,Y
1987,Y13,1462,M,13,Y
1987,Y14,1256,M,14,Y
1987,Y15,1380,M,15,Y
1987,Y16,1193,M,16,Y
1987,Z01,1424,M,1,Z
1987,Z02,1234,M,2,Z
1987,Z03,1338,M,3,Z
1987,Z04,1417,M,4,Z
1987,Z05,1438,M,5,Z
1987,Z06,1328,M,6,Z
1987,Z07,1431,M,7,Z
1987,Z08,1208,M,8,Z
1987,Z09,1243,M,9,Z
1987,Z10,1112,M,10,Z
1987,Z11,1409,M,11,Z
1987,Z12,1461,M,12,Z
1987,Z13,1141,M,13,Z
1987,Z14,1265,M,14,Z
1987,Z15,1365,M,15,Z
1987,Z16,1226,M,16,Z
1988,W01,1396,M,1,W
1988,W02,1181,M,2,W
1988,W03,1393,M,3,W
1988,W04,1231,M,4,W
1988,W05,1210,M,5,W
1988,W06,1281,M,6,W
1988,W07,1374,M,7,W
1988,W08,1207,M,8,W
1988,W09,1261,M,9,W
1988,W10,1323,M,10,W
1988,W11,1348,M,11,W
1988,W12,1235,M,12,W
1988,W13,1350,M,13,W
1988,W14,1299,M,14,W
1988,W15,1131,M,15,W
1988,W16,1250,M,16,W
1988,X01,1345,M,1,X
1988,X02,1338,M,2,X
1988,X03,1301,M,3,X
1988,X04,1243,M,4,X
1988,X05,1177,M,5,X
1988,X06,1242,M,6,X
1988,X07,1435,M,7,X
1988,X08,1124,M,8,X
1988,X09,1272,M,9,X
1988,X10,1429,M,10,X
1988,X11,1462,M,11,X
1988,X12,1455,M,12,X
1988,X13,1247,M,13,X
1988,X14,1293,M,14,X
1988,X15,1185,M,15,X
1988,X16,1192,M,16,X
1988,Y01,1328,M,1,Y
1988,Y02,1246,M,2,Y
1988,Y03,1228,M,3,Y
1988,Y04,1140,M,4,Y
1988,Y05,1257,M,5,Y
1988,Y06,1437,M,6,Y
1988,Y07,1268,M,7,Y
1988,Y08,1120,M,8,Y
1988,Y09,1133,M,9,Y
1988,Y10,1364,M,10,Y
1988,Y11,1116,M,11,Y
1988,Y12,1333,M,12,Y
1988,Y13,1150,M,13,Y
1988,Y14,1427,M,14,Y
1988,Y15,1380,M,15,Y
1988,Y16,1151,M,16,Y
1988,Z01,1112,M,1,Z
1988,Z02,1314,M,2,Z
1988,Z03,1276,M,3,Z
1988,Z04,1424,M,4,Z
1988,Z05,1234,M,5,Z
1988,Z06,1196,M,6,Z
1988,Z07,1461,M,7,Z
1988,Z08,1371,M,8,Z
1988,Z09,1431,M,9,Z
1988,Z10,1258,M,10,Z
1988,Z11,1385,M,11,Z
1988,Z12,1199,M,12,Z
1988,Z13,1283,M,13,Z
1988,Z14,1129,M,14,Z
1988,Z15,1317,M,15,Z
1988,Z16,1165,M,16,Z
1989,W01,1207,M,1,W
1989,W02,1181,M,2,W
1989,W03,1390,M,3,W
1989,W04,1234,M,4,W
1989,W05,1301,M,5,W
1989,W06,1243,M,6,W
1989,W07,1452,M,7,W
1989,W08,1435,M,8,W
1989,W09,1323,M,9,W
1989,W10,1397,M,10,W
1989,W11,1278,M,11,W
1989,W12,1376,M,12,W
1989,W13,1353,M,13,W
1989,W14,1373,M,14,W
1989,W15,1354,M,15,W
1989,W16,1343,M,16,W
1989,X01,1112,M,1,X
1989,X02,1231,M,2,X
1989,X03,1371,M,3,X
1989,X04,1424,M,4,X
1989,X05,1272,M,5,X
1989,X06,1333,M,6,X
1989,X07,1431,M,7,X
1989,X08,1388,M,8,X
1989,X09,1155,M,9,X
1989,X10,1261,M,10,X
1989,X11,1191,M,11,X
1989,X12,1177,M,12,X
1989,X13,1225,M,13,X
1989,X14,1283,M,14,X
1989,X15,1206,M,15,X
1989,X16,1352,M,16,X
1989,Y01,1228,M,1,Y
1989,Y02,1393,M,2,Y
1989,Y03,1281,M,3,Y
1989,Y04,1257,M,4,Y
1989,Y05,1116,M,5,Y
1989,Y06,1210,M,6,Y
1989,Y07,1196,M,7,Y
1989,Y08,1338,M,8,Y
1989,Y09,1123,M,9,Y
1989,Y10,1161,M,10,Y
1989,Y11,1400,M,11,Y
1989,Y12,1258,M,12,Y
1989,Y13,1114,M,13,Y
1989,Y14,1166,M,14,Y
1989,Y15,1137,M,15,Y
1989,Y16,1270,M,16,Y
1989,Z01,1328,M,1,Z
1989,Z02,1314,M,2,Z
1989,Z03,1276,M,3,Z
1989,Z04,1199,M,4,Z
1989,Z05,1438,M,5,Z
1989,Z06,1104,M,6,Z
1989,Z07,1417,M,7,Z
1989,Z08,1247,M,8,Z
1989,Z09,1256,M,9,Z
1989,Z10,1235,M,10,Z
1989,Z11,1375,M,11,Z
1989,Z12,1344,M,12,Z
1989,Z13,1292,M,13,Z
1989,Z14,1462,M,14,Z
1989,Z15,1380,M,15,Z
1989,Z16,1190,M,16,Z
1990,W01,1163,M,1,W
1990,W02,1242,M,2,W
1990,W03,1181,M,3,W
1990,W04,1247,M,4,W
1990,W05,1155,M,5,W
1990,W06,1385,M,6,W
1990,W07,1417,M,7,W
1990,W08,1231,M,8,W
1990,W09,1143,M,9,W
1990,W10,1412,M,10,W
1990,W11,1396,M,11,W
1990,W12,1140,M,12,W
1990,W13,1379,M,13,W
1990,W14,1350,M,14,W
1990,W15,1352,M,15,W
1990,W16,1131,M,16,W
1990,X01,1328,M,1,X
1990,X02,1345,M,2,X
1990,X03,1207,M,3,X
1990,X04,1116,M,4,X
1990,X05,1228,M,5,X
1990,X06,1462,M,6,X
1990,X07,1208,M,7,X
1990,X08,1314,M,8,X
1990,X09,1283,M,9,X
1990,X10,1400,M,10,X
1990,X11,1243,M,11,X
1990,X12,1173,M,12,X
1990,X13,1343,M,13,X
1990,X14,1411,M,14,X
1990,X15,1419,M,15,X
1990,X16,1406,M,16,X
1990,Y01,1277,M,1,Y
1990,Y02,1393,M,2,Y
1990,Y03,1281,M,3,Y
1990,Y04,1210,M,4,Y
1990,Y05,1261,M,5,Y
1990,Y06,1278,M,6,Y
1990,Y07,1438,M,7,Y
1990,Y08,1222,M,8,Y
1990,Y09,1364,M,9,Y
1990,Y10,1323,M,10,Y
1990,Y11,1431,M,11,Y
1990,Y12,1437,M,12,Y
1990,Y13,1190,M,13,Y
1990,Y14,1320,M,14,Y
1990,Y15,1164,M,15,Y
1990,Y16,1293,M,16,Y
1990,Z01,1424,M,1,Z
1990,Z02,1112,M,2,Z
1990,Z03,1276,M,3,Z
1990,Z04,1257,M,4,Z
1990,Z05,1333,M,5,Z
1990,Z06,1308,M,6,Z
1990,Z07,1104,M,7,Z
1990,Z08,1326,M,8,Z
1990,Z09,1344,M,9,Z
1990,Z10,1161,M,10,Z
1990,Z11,1258,M,11,Z
1990,Z12,1123,M,12,Z
1990,Z13,1225,M,13,Z
1990,Z14,1229,M,14,Z
1990,Z15,1378,M,15,Z
1990,Z16,1114,M,16,Z
1991,W01,1314,M,1,W
1991,W02,1393,M,2,W
1991,W03,1329,M,3,W
1991,W04,1417,M,4,W
1991,W05,1280,M,5,W
1991,W06,1301,M,6,W
1991,W07,1345,M,7,W
1991,W08,1343,M,8,W
1991,W09,1437,M,9,W
1991,W10,1396,M,10,W
1991,W11,1379,M,11,W
1991,W12,1185,M,12,W
1991,W13,1336,M,13,W
1991,W14,1307,M,14,W
1991,W15,1350,M,15,W
1991,W16,1318,M,16,W
1991,X01,1116,M,1,X
1991,X02,1231,M,2,X
1991,X03,1242,M,3,X
1991,X04,1104,M,4,X
1991,X05,1448,M,5,X
1991,X06,1338,M,6,X
1991,X07,1199,M,7,X
1991,X08,1113,M,8,X
1991,X09,1353,M,9,X
1991,X10,1425,M,10,X
1991,X11,1208,M,11,X
1991,X12,1256,M,12,X
1991,X13,1293,M,13,X
1991,X14,1309,M,14,X
1991,X15,1157,M,15,X
1991,X16,1209,M,16,X
1991,Y01,1326,M,1,Y
1991,Y02,1181,M,2,Y
1991,Y03,1304,M,3,Y
1991,Y04,1385,M,4,Y
1991,Y05,1400,M,5,Y
1991,Y06,1261,M,6,Y
1991,Y07,1234,M,7,Y
1991,Y08,1210,M,8,Y
1991,Y09,1177,M,9,Y
1991,Y10,1190,M,10,Y
1991,Y11,1163,M,11,Y
1991,Y12,1389,M,12,Y
1991,Y13,1296,M,13,Y
1991,Y14,1462,M,14,Y
1991,Y15,1419,M,15,Y
1991,Y16,1406,M,16,Y
1991,Z01,1424,M,1,Z
1991,Z02,1112,M,2,Z
1991,Z03,1371,M,3,Z
1991,Z04,1428,M,4,Z
1991,Z05,1277,M,5,Z
1991,Z06,1308,M,6,Z
1991,Z07,1438,M,7,Z
1991,Z08,1207,M,8,Z
1991,Z09,1435,M,9,Z
1991,Z10,1140,M,10,Z
1991,Z11,1166,M,11,Z
1991,Z12,1453,M,12,Z
1991,Z13,1375,M,13,Z
1991,Z14,1337,M,14,Z
1991,Z15,1384,M,15,Z
1991,Z16,1285,M,16,Z
1992,W01,1181,M,1,W
1992,W02,1246,M,2,W
1992,W03,1269,M,3,W
1992,W04,1371,M,4,W
1992,W05,1281,M,5,W
1992,W06,1393,M,6,W
1992,W07,1150,M,7,W
1992,W08,1400,M,8,W
1992,W09,1234,M,9,W
1992,W10,1235,M,10,W
1992,W11,1343,M,11,W
1992,W12,1452,M,12,W
1992,W13,1247,M,13,W
1992,W14,1200,M,14,W
1992,W15,1330,M,15,W
1992,W16,1144,M,16,W
1992,X01,1417,M,1,X
1992,X02,1231,M,2,X
1992,X03,1199,M,3,X
1992,X04,1328,M,4,X
1992,X05,1177,M,5,X
1992,X06,1207,M,6,X
1992,X07,1261,M,7,X
1992,X08,1257,M,8,X
1992,X09,1448,M,9,X
1992,X10,1140,M,10,X
1992,X11,1378,M,11,X
1992,X12,1308,M,12,X
1992,X13,1418,M,13,X
1992,X14,1285,M,14,X
1992,X15,1183,M,15,X
1992,X16,1352,M,16,X
1992,Y01,1242,M,1,Y
1992,Y02,1425,M,2,Y
1992,Y03,1116,M,3,Y
1992,Y04,1153,M,4,Y
1992,Y05,1277,M,5,Y
1992,Y06,1272,M,6,Y
1992,Y07,1210,M,7,Y
1992,Y08,1191,M,8,Y
1992,Y09,1431,M,9,Y
1992,Y10,1222,M,10,Y
1992,Y11,1337,M,11,Y
1992,Y12,1283,M,12,Y
1992,Y13,1174,M,13,Y
1992,Y14,1293,M,14,Y
1992,Y15,1419,M,15,Y
1992,Y16,1224,M,16,Y
1992,Z01,1326,M,1,Z
1992,Z02,1329,M,2,Z
1992,Z03,1112,M,3,Z
1992,Z04,1314,M,4,Z
1992,Z05,1104,M,5,Z
1992,Z06,1276,M,6,Z
1992,Z07,1385,M,7,Z
1992,Z08,1304,M,8,Z
1992,Z09,1163,M,9,Z
1992,Z10,1408,M,10,Z
1992,Z11,1396,M,11,Z
1992,Z12,1390,M,12,Z
1992,Z13,1275,M,13,Z
1992,Z14,1190,M,14,Z
1992,Z15,1204,M,15,Z
1992,Z16,1290,M,16,Z
1993,W01,1314,M,1,W
1993,W02,1153,M,2,W
1993,W03,1269,M,3,W
1993,W04,1116,M,4,W
1993,W05,1385,M,5,W
1993,W06,1438,M,6,W
1993,W07,1308,M,7,W
1993,W08,1348,M,8,W
1993,W09,1345,M,9,W
1993,W10,1304,M,10,W
1993,W11,1264,M,11,W
1993,W12,1403,M,12,W
1993,W13,1221,M,13,W
1993,W14,1335,M,14,W
1993,W15,1164,M,15,W
1993,W16,1187,M,16,W
1993,X01,1231,M,1,X
1993,X02,1242,M,2,X
1993,X03,1181,M,3,X
1993,X04,1257,M,4,X
1993,X05,1329,M,5,X
1993,X06,1143,M,6,X
1993,X07,1140,M,7,X
1993,X08,1309,M,8,X
1993,X09,1462,M,9,X
1993,X10,1374,M,10,X
1993,X11,1261,M,11,X
1993,X12,1266,M,12,X
1993,X13,1174,M,13,X
1993,X14,1356,M,14,X
1993,X15,1123,M,15,X
1993,X16,1460,M,16,X
1993,Y01,1246,M,1,Y
1993,Y02,1371,M,2,Y
1993,Y03,1199,M,3,Y
1993,Y04,1234,M,4,Y
1993,Y05,1448,M,5,Y
1993,Y06,1243,M,6,Y
1993,Y07,1443,M,7,Y
1993,Y08,1428,M,8,Y
1993,Y09,1338,M,9,Y
1993,Y10,1272,M,10,Y
1993,Y11,1408,M,11,Y
1993,Y12,1151,M,12,Y
1993,Y13,1419,M,13,Y
1993,Y14,1191,M,14,Y
1993,Y15,1398,M,15,Y
1993,Y16,1351,M,16,Y
1993,Z01,1276,M,1,Z
1993,Z02,1112,M,2,Z
1993,Z03,1435,M,3,Z
1993,Z04,1210,M,4,Z
1993,Z05,1307,M,5,Z
1993,Z06,1228,M,6,Z
1993,Z07,1396,M,7,Z
1993,Z08,1235,M,8,Z
1993,Z09,1417,M,9,Z
1993,Z10,1281,M,10,Z
1993,Z11,1253,M,11,Z
1993,Z12,1203,M,12,Z
1993,Z13,1380,M,13,Z
1993,Z14,1129,M,14,Z
1993,Z15,1365,M,15,Z
1993,Z16,1157,M,16,Z
1994,W01,1314,M,1,W
1994,W02,1163,M,2,W
1994,W03,1196,M,3,W
1994,W04,1396,M,4,W
1994,W05,1231,M,5,W
1994,W06,1304,M,6,W
1994,W07,1412,M,7,W
1994,W08,1450,M,8,W
1994,W09,1130,M,9,W
1994,W10,1203,M,10,W
1994,W11,1335,M,11,W
1994,W12,1325,M,12,W
1994,W13,1180,M,13,W
1994,W14,1241,M,14,W
1994,W15,1351,M,15,W
1994,W16,1251,M,16,W
1994,X01,1345,M,1,X
1994,X02,1181,M,2,X
1994,X03,1246,M,3,X
1994,X04,1242,M,4,X
1994,X05,1448,M,5,X
1994,X06,1266,M,6,X
1994,X07,1277,M,7,X
1994,X08,1344,M,8,X
1994,X09,1104,M,9,X
1994,X10,1371,M,10,X
1994,X11,1418,M,11,X
1994,X12,1158,M,12,X
1994,X13,1151,M,13,X
1994,X14,1398,M,14,X
1994,X15,1411,M,15,X
1994,X16,1416,M,16,X
1994,Y01,1116,M,1,Y
1994,Y02,1269,M,2,Y
1994,Y03,1276,M,3,Y
1994,Y04,1329,M,4,Y
1994,Y05,1417,M,5,Y
1994,Y06,1400,M,6,Y
1994,Y07,1387,M,7,Y
1994,Y08,1228,M,8,Y
1994,Y09,1207,M,9,Y
1994,Y10,1268,M,10,Y
1994,Y11,1443,M,11,Y
1994,Y12,1409,M,12,Y
1994,Y13,1308,M,13,Y
1994,Y14,1337,M,14,Y
1994,Y15,1402,M,15,Y
1994,Y16,1299,M,16,Y
1994,Z01,1281,M,1,Z
1994,Z02,1112,M,2,Z
1994,Z03,1257,M,3,Z
1994,Z04,1393,M,4,Z
1994,Z05,1143,M,5,Z
1994,Z06,1278,M,6,Z
1994,Z07,1438,M,7,Z
1994,Z08,1153,M,8,Z
1994,Z09,1458,M,9,Z
1994,Z10,1307,M,10,Z
1994,Z11,1356,M,11,Z
1994,Z12,1453,M,12,Z
1994,Z13,1218,M,13,Z
1994,Z14,1129,M,14,Z
1994,Z15,1259,M,15,Z
1994,Z16,1298,M,16,Z
1995,W01,1448,M,1,W
1995,W02,1269,M,2,W
1995,W03,1437,M,3,W
1995,W04,1329,M,4,W
1995,W05,1104,M,5,W
1995,W06,1409,M,6,W
1995,W07,1150,M,7,W
1995,W08,1278,M,8,W
1995,W09,1387,M,9,W
1995,W10,1390,M,10,W
1995,W11,1228,M,11,W
1995,W12,1335,M,12,W
1995,W13,1180,M,13,W
1995,W14,1330,M,14,W
1995,W15,1389,M,15,W
1995,W16,1299,M,16,W
1995,X01,1417,M,1,X
1995,X02,1163,M,2,X
1995,X03,1268,M,3,X
1995,X04,1428,M,4,X
1995,X05,1280,M,5,X
1995,X06,1332,M,6,X
1995,X07,1153,M,7,X
1995,X08,1281,M,8,X
1995,X09,1231,M,9,X
1995,X10,1396,M,10,X
1995,X11,1400,M,11,X
1995,X12,1365,M,12,X
1995,X13,1253,M,13,X
1995,X14,1211,M,14,X
1995,X15,1151,M,15,X
1995,X16,1198,M,16,X
1995,Y01,1242,M,1,Y
1995,Y02,1116,M,2,Y
1995,Y03,1345,M,3,Y
1995,Y04,1438,M,4,Y
1995,Y05,1112,M,5,Y
1995,Y06,1272,M,6,Y
1995,Y07,1393,M,7,Y
1995,Y08,1443,M,8,Y
1995,Y09,1276,M,9,Y
1995,Y10,1356,M,10,Y
1995,Y11,1257,M,11,Y
1995,Y12,1275,M,12,Y
1995,Y13,1311,M,13,Y
1995,Y14,1453,M,14,Y
1995,Y15,1411,M,15,Y
1995,Y16,1159,M,16,Y
1995,Z01,1246,M,1,Z
1995,Z02,1314,M,2,Z
1995,Z03,1277,M,3,Z
1995,Z04,1328,M,4,Z
1995,Z05,1113,M,5,Z
1995,Z06,1207,M,6,Z
1995,Z07,1235,M,7,Z
1995,Z08,1140,M,8,Z
1995,Z09,1408,M,9,Z
1995,Z10,1196,M,10,Z
1995,Z11,1462,M,11,Z
1995,Z12,1123,M,12,Z
1995,Z13,1264,M,13,Z
1995,Z14,1451,M,14,Z
1995,Z15,1293,M,15,Z
1995,Z16,1291,M,16,Z
1996,W01,1269,M,1,W
1996,W02,1207,M,2,W
1996,W03,1403,M,3,W
1996,W04,1266,M,4,W
1996,W05,1336,M,5,W
1996,W06,1314,M,6,W
1996,W07,1307,M,7,W
1996,W08,1133,M,8,W
1996,W09,1390,M,9,W
1996,W10,1243,M,10,W
1996,W11,1309,M,11,W
1996,W12,1116,M,12,W
1996,W13,1284,M,13,W
1996,W14,1296,M,14,W
1996,W15,1290,M,15,W
1996,W16,1416,M,16,W
1996,X01,1246,M,1,X
1996,X02,1448,M,2,X
1996,X03,1437,M,3,X
1996,X04,1428,M,4,X
1996,X05,1235,M,5,X
1996,X06,1257,M,6,X
1996,X07,1276,M,7,X
1996,X08,1453,M,8,X
1996,X09,1439,M,9,X
1996,X10,1400,M,10,X
1996,X11,1409,M,11,X
1996,X12,1143,M,12,X
1996,X13,1145,M,13,X
1996,X14,1339,M,14,X
1996,X15,1419,M,15,X
1996,X16,1363,M,16,X
1996,Y01,1163,M,1,Y
1996,Y02,1153,M,2,Y
1996,Y03,1210,M,3,Y
1996,Y04,1417,M,4,Y
1996,Y05,1280,M,5,Y
1996,Y06,1231,M,6,Y
1996,Y07,1396,M,7,Y
1996,Y08,1181,M,8,Y
1996,Y09,1185,M,9,Y
1996,Y10,1328,M,10,Y
1996,Y11,1130,M,11,Y
1996,Y12,1433,M,12,Y
1996,Y13,1343,M,13,Y
1996,Y14,1122,M,14,Y
1996,Y15,1422,M,15,Y
1996,Y16,1159,M,16,Y
1996,Z01,1345,M,1,Z
1996,Z02,1242,M,2,Z
1996,Z03,1112,M,3,Z
1996,Z04,1393,M,4,Z
1996,Z05,1272,M,5,Z
1996,Z06,1234,M,6,Z
1996,Z07,1268,M,7,Z
1996,Z08,1208,M,8,Z
1996,Z09,1155,M,9,Z
1996,Z10,1365,M,10,Z
1996,Z11,1203,M,11,Z
1996,Z12,1180,M,12,Z
1996,Z13,1286,M,13,Z
1996,Z14,1434,M,14,Z
1996,Z15,1354,M,15,Z
1996,Z16,1441,M,16,Z
1997,W01,1314,M,1,W
1997,W02,1376,M,2,W
1997,W03,1307,M,3,W
1997,W04,1437,M,4,W
1997,W05,1143,M,5,W
1997,W06,1257,M,6,W
1997,W07,1458,M,7,W
1997,W08,1231,M,8,W
1997,W09,1160,M,9,W
1997,W10,1400,M,10,W
1997,W11,1269,M,11,W
1997,W12,1343,M,12,W
1997,W13,1254,M,13,W
1997,W14,1330,M,14,W
1997,W15,1164,M,15,W
1997,W16,1193,M,16,W
1997,X01,1242,M,1,X
1997,X02,1181,M,2,X
1997,X03,1208,M,3,X
1997,X04,1112,M,4,X
1997,X05,1268,M,5,X
1997,X06,1228,M,6,X
1997,X07,1266,M,7,X
1997,X08,1345,M,8,X
1997,X09,1348,M,9,X
1997,X10,1344,M,10,X
1997,X11,1425,M,11,X
1997,X12,1158,M,12,X
1997,X13,1375,M,13,X
1997,X14,1151,M,14,X
1997,X15,1293,M,15,X
1997,X16,1238,M,16,X
1997,Y01,1278,M,1,Y
1997,Y02,1417,M,2,Y
1997,Y03,1153,M,3,Y
1997,Y04,1155,M,4,Y
1997,Y05,1409,M,5,Y
1997,Y06,1235,M,6,Y
1997,Y07,1462,M,7,Y
1997,Y08,1279,M,8,Y
1997,Y09,1396,M,9,Y
1997,Y10,1435,M,10,Y
1997,Y11,1229,M,11,Y
1997,Y12,1131,M,12,Y
1997,Y13,1275,M,13,Y
1997,Y14,1139,M,14,Y
1997,Y15,1149,M,15,Y
1997,Y16,1402,M,16,Y
1997,Z01,1246,M,1,Z
1997,Z02,1428,M,2,Z
1997,Z03,1448,M,3,Z
1997,Z04,1386,M,4,Z
1997,Z05,1130,M,5,Z
1997,Z06,1390,M,6,Z
1997,Z07,1150,M,7,Z
1997,Z08,1234,M,8,Z
1997,Z09,1438,M,9,Z
1997,Z10,1207,M,10,Z
1997,Z11,1328,M,11,Z
1997,Z12,1434,M,12,Z
1997,Z13,1334,M,13,Z
1997,Z14,1388,M,14,Z
1997,Z15,1298,M,15,Z
1997,Z16,1285,M,16,Z
1998,W01,1314,M,1,W
1998,W02,1163,M,2,W
1998,W03,1376,M,3,W
1998,W04,1277,M,4,W
1998,W05,1343,M,5,W
1998,W06,1462,M,6,W
1998,W07,1231,M,7,W
1998,W08,1150,M,8,W
1998,W09,1227,M,9,W
1998,W10,1328,M,10,W
1998,W11,1449,M,11,W
1998,W12,1424,M,12,W
1998,W13,1185,M,13,W
1998,W14,1350,M,14,W
1998,W15,1192,M,15,W
1998,W16,1298,M,16,W
1998,X01,1112,M,1,X
1998,X02,1153,M,2,X
1998,X03,1428,M,3,X
1998,X04,1268,M,4,X
1998,X05,1228,M,5,X
1998,X06,1116,M,6,X
1998,X07,1396,M,7,X
1998,X08,1397,M,8,X
1998,X09,1229,M,9,X
1998,X10,1452,M,10,X
1998,X11,1304,M,11,X
1998,X12,1375,M,12,X
1998,X13,1429,M,13,X
1998,X14,1362,M,14,X
1998,X15,1319,M,15,X
1998,X16,1311,M,16,X
1998,Y01,1242,M,1,Y
1998,Y02,1345,M,2,Y
1998,Y03,1390,M,3,Y
1998,Y04,1279,M,4,Y
1998,Y05,1395,M,5,Y
1998,Y06,1155,M,6,Y
1998,Y07,1385,M,7,Y
1998,Y08,1348,M,8,Y
1998,Y09,1293,M,9,Y
1998,Y10,1178,M,10,Y
1998,Y11,1444,M,11,Y
1998,Y12,1199,M,12,Y
1998,Y13,1434,M,13,Y
1998,Y14,1158,M,14,Y
1998,Y15,1174,M,15,Y
1998,Y16,1341,M,16,Y
1998,Z01,1181,M,1,Z
1998,Z02,1246,M,2,Z
1998,Z03,1276,M,3,Z
1998,Z04,1307,M,4,Z
1998,Z05,1393,M,5,Z
1998,Z06,1417,M,6,Z
1998,Z07,1269,M,7,Z
1998,Z08,1329,M,8,Z
1998,Z09,1203,M,9,Z
1998,Z10,1387,M,10,Z
1998,Z11,1274,M,11,Z
1998,Z12,1233,M,12,Z
1998,Z13,1139,M,13,Z
1998,Z14,1172,M,14,Z
1998,Z15,1354,M,15,Z
1998,Z16,1347,M,16,Z
1999,W01,1181,M,1,W
1999,W02,1274,M,2,W
1999,W03,1153,M,3,W
1999,W04,1397,M,4,W
1999,W05,1458,M,5,W
1999,W06,1396,M,6,W
1999,W07,1400,M,7,W
1999,W08,1158,M,8,W
1999,W09,1409,M,9,W
1999,W10,1345,M,10,W
1999,W11,1245,M,11,W
1999,W12,1283,M,12,W
1999,W13,1174,M,13,W
1999,W14,1206,M,14,W
1999,W15,1248,M,15,W
1999,W16,1197,M,16,W
1999,X01,1277,M,1,X
1999,X02,1428,M,2,X
1999,X03,1246,M,3,X
1999,X04,1112,M,4,X
1999,X05,1150,M,5,X
1999,X06,1242,M,6,X
1999,X07,1449,M,7,X
1999,X08,1437,M,8,X
1999,X09,1279,M,9,X
1999,X10,1275,M,10,X
1999,X11,1191,M,11,X
1999,X12,1348,M,12,X
1999,X13,1328,M,13,X
1999,X14,1308,M,14,X
1999,X15,1117,M,15,X
1999,X16,1291,M,16,X
1999,Y01,1120,M,1,Y
1999,Y02,1268,M,2,Y
1999,Y03,1385,M,3,Y
1999,Y04,1326,M,4,Y
1999,Y05,1417,M,5,Y
1999,Y06,1231,M,6,Y
1999,Y07,1257,M,7,Y
1999,Y08,1393,M,8,Y
1999,Y09,1329,M,9,Y
1999,Y10,1166,M,10,Y
1999,Y11,1203,M,11,Y
1999,Y12,1178,M,12,Y
1999,Y13,1293,M,13,Y
1999,Y14,1359,M,14,Y
1999,Y15,1434,M,15,Y
1999,Y16,1457,M,16,Y
1999,Z01,1163,M,1,Z
1999,Z02,1390,M,2,Z
1999,Z03,1314,M,3,Z
1999,Z04,1116,M,4,Z
1999,Z05,1234,M,5,Z
1999,Z06,1196,M,6,Z
1999,Z07,1278,M,7,Z
1999,Z08,1281,M,8,Z
1999,Z09,1307,M,9,Z
1999,Z10,1211,M,10,Z
1999,Z11,1335,M,11,Z
1999,Z12,1412,M,12,Z
1999,Z13,1373,M,13,Z
1999,Z14,1451,M,14,Z
1999,Z15,1108,M,15,Z
1999,Z16,1427,M,16,Z
2000,W01,1181,M,1,W
2000,W02,1396,M,2,W
2000,W03,1329,M,3,W
2000,W04,1228,M,4,W
2000,W05,1196,M,5,W
2000,W06,1231,M,6,W
2000,W07,1332,M,7,W
2000,W08,1242,M,8,W
2000,W09,1177,M,9,W
2000,W10,1371,M,10,W
2000,W11,1337,M,11,W
2000,W12,1139,M,12,W
2000,W13,1335,M,13,W
2000,W14,1220,M,14,W
2000,W15,1248,M,15,W
2000,W16,1249,M,16,W
2000,X01,1390,M,1,X
2000,X02,1153,M,2,X
2000,X03,1326,M,3,X
2000,X04,1397,M,4,X
2000,X05,1163,M,5,X
2000,X06,1274,M,6,X
2000,X07,1409,M,7,X
2000,X08,1314,M,8,X
2000,X09,1281,M,9,X
2000,X10,1424,M,10,X
2000,X11,1116,M,11,X
2000,X12,1429,M,12,X
2000,X13,1418,M,13,X
2000,X14,1111,M,14,X
2000,X15,1423,M,15,X
2000,X16,1354,M,16,X
2000,Y01,1277,M,1,Y
2000,Y02,1235,M,2,Y
2000,Y03,1268,M,3,Y
2000,Y04,1393,M,4,Y
2000,Y05,1246,M,5,Y
2000,Y06,1417,M,6,Y
2000,Y07,1120,M,7,Y
2000,Y08,1428,M,8,Y
2000,Y09,1387,M,9,Y
2000,Y10,1166,M,10,Y
2000,Y11,1123,M,11,Y
2000,Y12,1382,M,12,Y
2000,Y13,1359,M,13,Y
2000,Y14,1233,M,14,Y
2000,Y15,1148,M,15,Y
2000,Y16,1434,M,16,Y
2000,Z01,1112,M,1,Z
2000,Z02,1385,M,2,Z
2000,Z03,1328,M,3,Z
2000,Z04,1261,M,4,Z
2000,Z05,1400,M,5,Z
2000,Z06,1345,M,6,Z
2000,Z07,1257,M,7,Z
2000,Z08,1458,M,8,Z
2000,Z09,1201,M,9,Z
2000,Z10,1211,M,10,Z
2000,Z11,1173,M,11,Z
2000,Z12,1232,M,12,Z
2000,Z13,1369,M,13,Z
2000,Z14,1457,M,14,Z
2000,Z15,1319,M,15,Z
2000,Z16,1238,M,16,Z
2001,W01,1181,M,1,W
2001,W02,1246,M,2,W
2001,W03,1130,M,3,W
2001,W04,1417,M,4,W
2001,W05,1326,M,5,W
2001,W06,1425,M,6,W
2001,W07,1234,M,7,W
2001,W08,1208,M,8,W
2001,W09,1281,M,9,W
2001,W10,1166,M,10,W
2001,W11,1329,M,11,W
2001,W12,1429,M,12,W
2001,W13,1220,M,13,W
2001,W14,1381,M,14,W
2001,W15,1221,M,15,W
2001,W16,1284,M,16,W
2001,X01,1390,M,1,X
2001,X02,1235,M,2,X
2001,X03,1268,M,3,X
2001,X04,1231,M,4,X
2001,X05,1153,M,5,X
2001,X06,1458,M,6,X
2001,X07,1116,M,7,X
2001,X08,1210,M,8,X
2001,X09,1386,M,9,X
2001,X10,1207,M,10,X
2001,X11,1209,M,11,X
2001,X12,1140,M,12,X
2001,X13,1245,M,13,X
2001,X14,1206,M,14,X
2001,X15,1214,M,15,X
2001,X16,1422,M,16,X
2001,Y01,1228,M,1,Y
2001,Y02,1112,M,2,Y
2001,Y03,1279,M,3,Y
2001,Y04,1242,M,4,Y
2001,Y05,1393,M,5,Y
2001,Y06,1323,M,6,Y
2001,Y07,1448,M,7,Y
2001,Y08,1397,M,8,Y
2001,Y09,1150,M,9,Y
2001,Y10,1139,M,10,Y
2001,Y11,1462,M,11,Y
2001,Y12,1218,M,12,Y
2001,Y13,1169,M,13,Y
2001,Y14,1233,M,14,Y
2001,Y15,1183,M,15,Y
2001,Y16a,1322,M,16,Y
2001,Y16b,1457,M,16,Y
2001,Z01,1277,M,1,Z
2001,Z02,1314,M,2,Z
2001,Z03,1196,M,3,Z
2001,Z04,1328,M,4,Z
2001,Z05,1438,M,5,Z
2001,Z06,1400,M,6,Z
2001,Z07,1336,M,7,Z
2001,Z08,1143,M,8,Z
2001,Z09,1201,M,9,Z
2001,Z10,1344,M,10,Z
2001,Z11,1396,M,11,Z
2001,Z12,1211,M,12,Z
2001,Z13,1232,M,13,Z
2001,Z14,1443,M,14,Z
2001,Z15,1343,M,15,Z
2001,Z16,1106,M,16,Z
2002,W01,1268,M,1,W
2002,W02,1163,M,2,W
2002,W03,1208,M,3,W
2002,W04,1246,M,4,W
2002,W05,1266,M,5,W
2002,W06,1403,M,6,W
2002,W07,1301,M,7,W
2002,W08,1458,M,8,W
2002,W09,1385,M,9,W
2002,W10,1277,M,10,W
2002,W11,1356,M,11,W
2002,W12,1409,M,12,W
2002,W13,1434,M,13,W
2002,W14,1293,M,14,W
2002,W15,1214,M,15,W
2002,W16a,1108,M,16,W
2002,W16b,1373,M,16,W
2002,X01,1242,M,1,X
2002,X02,1332,M,2,X
2002,X03,1280,M,3,X
2002,X04,1228,M,4,X
2002,X05,1196,M,5,X
2002,X06,1400,M,6,X
2002,X07,1448,M,7,X
2002,X08,1390,M,8,X
2002,X09,1443,M,9,X
2002,X10,1337,M,10,X
2002,X11,1130,M,11,X
2002,X12,1166,M,12,X
2002,X13,1361,M,13,X
2002,X14,1270,M,14,X
2002,X15,1285,M,15,X
2002,X16,1221,M,16,X
2002,Y01,1181,M,1,Y
2002,Y02,1104,M,2,Y
2002,Y03,1338,M,3,Y
2002,Y04,1425,M,4,Y
2002,Y05,1231,M,5,Y
2002,Y06,1143,M,6,Y
2002,Y07,1329,M,7,Y
2002,Y08,1323,M,8,Y
2002,Y09,1150,M,9,Y
2002,Y10,1245,M,10,Y
2002,Y11,1335,M,11,Y
2002,Y12,1428,M,12,Y
2002,Y13,1423,M,13,Y
2002,Y14,1148,M,14,Y
2002,Y15,1194,M,15,Y
2002,Y16,1457,M,16,Y
2002,Z01,1153,M,1,Z
2002,Z02,1328,M,2,Z
2002,Z03,1112,M,3,Z
2002,Z04,1326,M,4,Z
2002,Z05,1274,M,5,Z
2002,Z06,1211,M,6,Z
2002,Z07,1462,M,7,Z
2002,Z08,1417,M,8,Z
2002,Z09,1279,M,9,Z
2002,Z10,1218,M,10,Z
2002,Z11,1461,M,11,Z
2002,Z12,1281,M,12,Z
2002,Z13,1172,M,13,Z
2002,Z14,1364,M,14,Z
2002,Z15,1227,M,15,Z
2002,Z16,1131,M,16,Z
2003,W01,1328,M,1,W
2003,W02,1448,M,2,W
2003,W03,1393,M,3,W
2003,W04,1257,M,4,W
2003,W05,1280,M,5,W
2003,W06,1329,M,6,W
2003,W07,1386,M,7,W
2003,W08,1143,M,8,W
2003,W09,1301,M,9,W
2003,W10,1120,M,10,W
2003,W11,1335,M,11,W
2003,W12,1139,M,12,W
2003,W13,1122,M,13,W
2003,W14,1264,M,14,W
2003,W15,1190,M,15,W
2003,W16,1354,M,16,W
2003,X01,1400,M,1,X
2003,X02,1196,M,2,X
2003,X03,1462,M,3,X
2003,X04,1390,M,4,X
2003,X05,1163,M,5,X
2003,X06,1268,M,6,X
2003,X07,1277,M,7,X
2003,X08,1261,M,8,X
2003,X09,1345,M,9,X
2003,X10,1160,M,10,X
2003,X11,1423,M,11,X
2003,X12,1140,M,12,X
2003,X13,1360,M,13,X
2003,X14,1407,M,14,X
2003,X15,1358,M,15,X
2003,X16a,1411,M,16,X
2003,X16b,1421,M,16,X
2003,Y01,1246,M,1,Y
2003,Y02,1338,M,2,Y
2003,Y03,1266,M,3,Y
2003,Y04,1173,M,4,Y
2003,Y05,1458,M,5,Y
2003,Y06,1281,M,6,Y
2003,Y07,1231,M,7,Y
2003,Y08,1332,M,8,Y
2003,Y09,1428,M,9,Y
2003,Y10,1104,M,10,Y
2003,Y11,1356,M,11,Y
2003,Y12,1451,M,12,Y
2003,Y13,1409,M,13,Y
2003,Y14,1221,M,14,Y
2003,Y15,1447,M,15,Y
2003,Y16,1237,M,16,Y
2003,Z01,1112,M,1,Z
2003,Z02,1242,M,2,Z
2003,Z03,1181,M,3,Z
2003,Z04,1228,M,4,Z
2003,Z05,1323,M,5,Z
2003,Z06,1166,M,6,Z
2003,Z07,1272,M,7,Z
2003,Z08,1153,M,8,Z
2003,Z09,1211,M,9,Z
2003,Z10,1113,M,10,Z
2003,Z11,1141,M,11,Z
2003,Z12,1454,M,12,Z
2003,Z13,1443,M,13,Z
2003,Z14,1161,M,14,Z
2003,Z15,1429,M,15,Z
2003,Z16,1436,M,16,Z
2004,W01,1181,M,1,W
2004,W02,1280,M,2,W
2004,W03,1400,M,3,W
2004,W04,1153,M,4,W
2004,W05,1228,M,5,W
2004,W06,1314,M,6,W
2004,W07,1462,M,7,W
2004,W08,1371,M,8,W
2004,W09,1112,M,9,W
2004,W10,1257,M,10,W
2004,W11,1102,M,11,W
2004,W12,1293,M,12,W
2004,W13,1190,M,13,W
2004,W14,1343,M,14,W
2004,W15,1284,M,15,W
2004,W16,1106,M,16,W
2004,X01,1390,M,1,X
2004,X02,1163,M,2,X
2004,X03,1301,M,3,X
2004,X04,1268,M,4,X
2004,X05,1393,M,5,X
2004,X06,1435,M,6,X
2004,X07,1177,M,7,X
2004,X08,1104,M,8,X
2004,X09,1356,M,9,X
2004,X10,1173,M,10,X
2004,X11,1444,M,11,X
2004,X12,1140,M,12,X
2004,X13,1431,M,13,X
2004,X14,1418,M,14,X
2004,X15,1436,M,15,X
2004,X16,1427,M,16,X
2004,Y01,1386,M,1,Y
2004,Y02,1329,M,2,Y
2004,Y03,1338,M,3,Y
2004,Y04,1448,M,4,Y
2004,Y05,1196,M,5,Y
2004,Y06,1458,M,6,Y
2004,Y07,1272,M,7,Y
2004,Y08,1403,M,8,Y
2004,Y09,1150,M,9,Y
2004,Y10,1376,M,10,Y
2004,Y11,1350,M,11,Y
2004,Y12,1264,M,12,Y
2004,Y13,1433,M,13,Y
2004,Y14,1416,M,14,Y
2004,Y15,1186,M,15,Y
2004,Y16,1251,M,16,Y
2004,Z01,1246,M,1,Z
2004,Z02,1211,M,2,Z
2004,Z03,1210,M,3,Z
2004,Z04,1242,M,4,Z
2004,Z05,1344,M,5,Z
2004,Z06,1130,M,6,Z
2004,Z07,1277,M,7,Z
2004,Z08,1449,M,8,Z
2004,Z09,1412,M,9,Z
2004,Z10,1305,M,10,Z
2004,Z11,1428,M,11,Z
2004,Z12,1334,M,12,Z
2004,Z13,1227,M,13,Z
2004,Z14,1320,M,14,Z
2004,Z15,1434,M,15,Z
2004,Z16a,1197,M,16,Z
2004,Z16b,1250,M,16,Z
2005,W01,1449,M,1,W
2005,W02,1448,M,2,W
2005,W03,1211,M,3,W
2005,W04,1257,M,4,W
2005,W05,1210,M,5,W
2005,W06,1403,M,6,W
2005,W07,1452,M,7,W
2005,W08,1334,M,8,W
2005,W09,1338,M,9,W
2005,W10,1166,M,10,W
2005,W11,1417,M,11,W
2005,W12,1203,M,12,W
2005,W13,1418,M,13,W
2005,W14,1457,M,14,W
2005,W15,1151,M,15,W
2005,W16,1285,M,16,W
2005,X01,1228,M,1,X
2005,X02,1329,M,2,X
2005,X03,1112,M,3,X
2005,X04,1130,M,4,X
2005,X05,1104,M,5,X
2005,X06,1261,M,6,X
2005,X07,1356,M,7,X
2005,X08,1400,M,8,X
2005,X09,1305,M,9,X
2005,X10,1388,M,10,X
2005,X11,1412,M,11,X
2005,X12,1454,M,12,X
2005,X13,1335,M,13,X
2005,X14,1429,M,14,X
2005,X15,1368,M,15,X
2005,X16,1192,M,16,X
2005,Y01,1181,M,1,Y
2005,Y02,1246,M,2,Y
2005,Y03,1328,M,3,Y
2005,Y04,1393,M,4,Y
2005,Y05,1277,M,5,Y
2005,Y06,1428,M,6,Y
2005,Y07,1153,M,7,Y
2005,Y08,1390,M,8,Y
2005,Y09,1280,M,9,Y
2005,Y10,1234,M,10,Y
2005,Y11,1431,M,11,Y
2005,Y12,1330,M,12,Y
2005,Y13,1436,M,13,Y
2005,Y14,1310,M,14,Y
2005,Y15,1184,M,15,Y
2005,Y16,1175,M,16,Y
2005,Z01,1314,M,1,Z
2005,Z02,1163,M,2,Z
2005,Z03,1242,M,3,Z
2005,Z04,1196,M,4,Z
2005,Z05,1437,M,5,Z
2005,Z06,1458,M,6,Z
2005,Z07,1150,M,7,Z
2005,Z08,1278,M,8,Z
2005,Z09,1235,M,9,Z
2005,Z10,1301,M,10,Z
2005,Z11,1320,M,11,Z
2005,Z12,1307,M,12,Z
2005,Z13,1325,M,13,Z
2005,Z14,1137,M,14,Z
2005,Z15,1416,M,15,Z
2005,Z16a,1105,M,16,Z
2005,Z16b,1324,M,16,Z
2006,W01,1181,M,1,W
2006,W02,1400,M,2,W
2006,W03,1234,M,3,W
2006,W04,1261,M,4,W
2006,W05,1393,M,5,W
2006,W06,1452,M,6,W
2006,W07,1143,M,7,W
2006,W08,1203,M,8,W
2006,W09,1423,M,9,W
2006,W10,1301,M,10,W
2006,W11,1356,M,11,W
2006,W12,1401,M,12,W
2006,W13,1233,M,13,W
2006,W14,1322,M,14,W
2006,W15,1335,M,15,W
2006,W16,1380,M,16,W
2006,X01,1272,M,1,X
2006,X02,1417,M,2,X
2006,X03,1211,M,3,X
2006,X04,1242,M,4,X
2006,X05,1338,M,5,X
2006,X06,1231,M,6,X
2006,X07,1266,M,7,X
2006,X08,1116,M,8,X
2006,X09,1137,M,9,X
2006,X10,1104,M,10,X
2006,X11,1361,M,11,X
2006,X12,1245,M,12,X
2006,X13,1133,M,13,X
2006,X14,1462,M,14,X
2006,X15,1125,M,15,X
2006,X16,1331,M,16,X
2006,Y01,1437,M,1,Y
2006,Y02,1326,M,2,Y
2006,Y03,1196,M,3,Y
2006,Y04,1130,M,4,Y
2006,Y05,1305,M,5,Y
2006,Y06,1328,M,6,Y
2006,Y07,1207,M,7,Y
2006,Y08,1112,M,8,Y
2006,Y09,1458,M,9,Y
2006,Y10,1320,M,10,Y
2006,Y11,1454,M,11,Y
2006,Y12,1285,M,12,Y
2006,Y13,1334,M,13,Y
2006,Y14,1375,M,14,Y
2006,Y15,1172,M,15,Y
2006,Y16a,1214,M,16,Y
2006,Y16b,1284,M,16,Y
2006,Z01,1163,M,1,Z
2006,Z02,1397,M,2,Z
2006,Z03,1314,M,3,Z
2006,Z04,1228,M,4,Z
2006,Z05,1449,M,5,Z
2006,Z06,1277,M,6,Z
2006,Z07,1455,M,7,Z
2006,Z08,1246,M,8,Z
2006,Z09,1412,M,9,Z
2006,Z10,1371,M,10,Z
2006,Z11,1206,M,11,Z
2006,Z12,1429,M,12,Z
2006,Z13,1102,M,13,Z
2006,Z14,1293,M,14,Z
2006,Z15,1457,M,15,Z
2006,Z16,1107,M,16,Z
2007,W01,1314,M,1,W
2007,W02,1207,M,2,W
2007,W03,1450,M,3,W
2007,W04,1400,M,4,W
2007,W05,1425,M,5,W
2007,W06,1435,M,6,W
2007,W07,1130,M,7,W
2007,W08,1266,M,8,W
2007,W09,1277,M,9,W
2007,W10,1403,M,10,W
2007,W11,1203,M,11,W
2007,W12,1116,M,12,W
2007,W13,1308,M,13,W
2007,W14,1331,M,14,W
2007,W15,1125,M,15,W
2007,W16,1184,M,16,W
2007,X01,1326,M,1,X
2007,X02,1272,M,2,X
2007,X03,1401,M,3,X
2007,X04,1438,M,4,X
2007,X05,1397,M,5,X
2007,X06,1257,M,6,X
2007,X07,1305,M,7,X
2007,X08,1140,M,8,X
2007,X09,1462,M,9,X
2007,X10,1166,M,10,X
2007,X11,1390,M,11,X
2007,X12,1253,M,12,X
2007,X13,1107,M,13,X
2007,X14,1335,M,14,X
2007,X15,1317,M,15,X
2007,X16,1148,M,16,X
2007,Y01,1196,M,1,Y
2007,Y02,1458,M,2,Y
2007,Y03,1332,M,3,Y
2007,Y04,1268,M,4,Y
2007,Y05,1139,M,5,Y
2007,Y06,1323,M,6,Y
2007,Y07,1424,M,7,Y
2007,Y08,1112,M,8,Y
2007,Y09,1345,M,9,Y
2007,Y10,1210,M,10,Y
2007,Y11,1457,M,11,Y
2007,Y12,1330,M,12,Y
2007,Y13,1172,M,13,Y
2007,Y14,1275,M,14,Y
2007,Y15,1394,M,15,Y
2007,Y16,1238,M,16,Y
2007,Z01,1242,M,1,Z
2007,Z02,1417,M,2,Z
2007,Z03,1338,M,3,Z
2007,Z04,1356,M,4,Z
2007,Z05,1439,M,5,Z
2007,Z06,1181,M,6,Z
2007,Z07,1231,M,7,Z
2007,Z08,1246,M,8,Z
2007,Z09,1437,M,9,Z
2007,Z10,1211,M,10,Z
2007,Z11,1433,M,11,Z
2007,Z12,1228,M,12,Z
2007,Z13,1221,M,13,Z
2007,Z14,1460,M,14,Z
2007,Z15,1451,M,15,Z
2007,Z16a,1197,M,16,Z
2007,Z16b,1310,M,16,Z
2008,W01,1314,M,1,W
2008,W02,1397,M,2,W
2008,W03,1257,M,3,W
2008,W04,1450,M,4,W
2008,W05,1323,M,5,W
2008,W06,1328,M,6,W
2008,W07,1139,M,7,W
2008,W08,1231,M,8,W
2008,W09,1116,M,9,W
2008,W10,1375,M,10,W
2008,W11,1386,M,11,W
2008,W12,1206,M,12,W
2008,W13,1457,M,13,W
2008,W14,1129,M,14,W
2008,W15,1110,M,15,W
2008,W16a,1164,M,16,W
2008,W16b,1291,M,16,W
2008,X01,1242,M,1,X
2008,X02,1207,M,2,X
2008,X03,1458,M,3,X
2008,X04,1435,M,4,X
2008,X05,1155,M,5,X
2008,X06,1425,M,6,X
2008,X07,1211,M,7,X
2008,X08,1424,M,8,X
2008,X09,1245,M,9,X
2008,X10,1172,M,10,X
2008,X11,1243,M,11,X
2008,X12,1437,M,12,X
2008,X13,1373,M,13,X
2008,X14,1168,M,14,X
2008,X15,1420,M,15,X
2008,X16,1340,M,16,X
2008,Y01,1272,M,1,Y
2008,Y02,1400,M,2,Y
2008,Y03,1390,M,3,Y
2008,Y04,1338,M,4,Y
2008,Y05,1277,M,5,Y
2008,Y06,1266,M,6,Y
2008,Y07,1274,M,7,Y
2008,Y08,1280,M,8,Y
2008,Y09,1332,M,9,Y
2008,Y10,1388,M,10,Y
2008,Y11,1246,M,11,Y
2008,Y12,1396,M,12,Y
2008,Y13,1331,M,13,Y
2008,Y14,1165,M,14,Y
2008,Y15,1122,M,15,Y
2008,Y16,1426,M,16,Y
2008,Z01,1417,M,1,Z
2008,Z02,1181,M,2,Z
2008,Z03,1462,M,3,Z
2008,Z04,1163,M,4,Z
2008,Z05,1179,M,5,Z
2008,Z06,1345,M,6,Z
2008,Z07,1452,M,7,Z
2008,Z08,1140,M,8,Z
2008,Z09,1401,M,9,Z
2008,Z10,1112,M,10,Z
2008,Z11,1124,M,11,Z
2008,Z12,1443,M,12,Z
2008,Z13,1360,M,13,Z
2008,Z14,1208,M,14,Z
2008,Z15,1125,M,15,Z
2008,Z16,1290,M,16,Z
2009,W01,1338,M,1,W
2009,W02,1181,M,2,W
2009,W03,1437,M,3,W
2009,W04,1462,M,4,W
2009,W05,1199,M,5,W
2009,W06,1417,M,6,W
2009,W07,1400,M,7,W
2009,W08,1329,M,8,W
2009,W09,1397,M,9,W
2009,W10,1278,M,10,W
2009,W11,1433,M,11,W
2009,W12,1458,M,12,W
2009,W13,1340,M,13,W
2009,W14,1110,M,14,W
2009,W15,1127,M,15,W
2009,W16,1190,M,16,W
2009,X01,1314,M,1,X
2009,X02,1328,M,2,X
2009,X03,1393,M,3,X
2009,X04,1211,M,4,X
2009,X05,1228,M,5,X
2009,X06,1113,M,6,X
2009,X07,1155,M,7,X
2009,X08,1261,M,8,X
2009,X09,1139,M,9,X
2009,X10,1276,M,10,X
2009,X11,1396,M,11,X
2009,X12,1443,M,12,X
2009,X13,1103,M,13,X
2009,X14,1372,M,14,X
2009,X15,1288,M,15,X
2009,X16,1347,M,16,X
2009,Y01,1257,M,1,Y
2009,Y02,1277,M,2,Y
2009,Y03,1242,M,3,Y
2009,Y04,1448,M,4,Y
2009,Y05,1428,M,5,Y
2009,Y06,1452,M,6,Y
2009,Y07,1130,M,7,Y
2009,Y08,1326,M,8,Y
2009,Y09,1373,M,9,Y
2009,Y10,1425,M,10,Y
2009,Y11,1173,M,11,Y
2009,Y12,1112,M,12,Y
2009,Y13,1156,M,13,Y
2009,Y14,1295,M,14,Y
2009,Y15,1352,M,15,Y
2009,Y16a,1106,M,16,Y
2009,Y16b,1287,M,16,Y
2009,Z01,1163,M,1,Z
2009,Z02,1272,M,2,Z
2009,Z03,1281,M,3,Z
2009,Z04,1449,M,4,Z
2009,Z05,1345,M,5,Z
2009,Z06,1266,M,6,Z
2009,Z07,1143,M,7,Z
2009,Z08,1140,M,8,Z
2009,Z09,1401,M,9,Z
2009,Z10,1268,M,10,Z
2009,Z11,1429,M,11,Z
2009,Z12,1320,M,12,Z
2009,Z13,1280,M,13,Z
2009,Z14,1165,M,14,Z
2009,Z15,1169,M,15,Z
2009,Z16,1151,M,16,Z
2010,W01,1246,M,1,W
2010,W02,1452,M,2,W
2010,W03,1307,M,3,W
2010,W04,1458,M,4,W
2010,W05,1396,M,5,W
2010,W06,1266,M,6,W
2010,W07,1155,M,7,W
2010,W08,1400,M,8,W
2010,W09,1448,M,9,W
2010,W10,1281,M,10,W
2010,W11,1449,M,11,W
2010,W12,1165,M,12,W
2010,W13,1459,M,13,W
2010,W14,1285,M,14,W
2010,W15,1288,M,15,W
2010,W16,1190,M,16,W
2010,X01,1181,M,1,X
2010,X02,1437,M,2,X
2010,X03,1124,M,3,X
2010,X04,1345,M,4,X
2010,X05,1401,M,5,X
2010,X06,1323,M,6,X
2010,X07,1350,M,7,X
2010,X08,1143,M,8,X
2010,X09,1257,M,9,X
2010,X10,1388,M,10,X
2010,X11,1330,M,11,X
2010,X12,1429,M,12,X
2010,X13,1373,M,13,X
2010,X14,1358,M,14,X
2010,X15,1352,M,15,X
2010,X16a,1115,M,16,X
2010,X16b,1457,M,16,X
2010,Y01,1242,M,1,Y
2010,Y02,1326,M,2,Y
2010,Y03,1207,M,3,Y
2010,Y04,1268,M,4,Y
2010,Y05,1277,M,5,Y
2010,Y06,1397,M,6,Y
2010,Y07,1329,M,7,Y
2010,Y08,1424,M,8,Y
2010,Y09,1320,M,9,Y
2010,Y10,1210,M,10,Y
2010,Y11,1361,M,11,Y
2010,Y12,1308,M,12,Y
2010,Y13,1222,M,13,Y
2010,Y14,1325,M,14,Y
2010,Y15,1364,M,15,Y
2010,Y16,1250,M,16,Y
2010,Z01,1393,M,1,Z
2010,Z02,1243,M,2,Z
2010,Z03,1338,M,3,Z
2010,Z04,1435,M,4,Z
2010,Z05,1139,M,5,Z
2010,Z06,1462,M,6,Z
2010,Z07,1140,M,7,Z
2010,Z08,1211,M,8,Z
2010,Z09,1199,M,9,Z
2010,Z10,1196,M,10,Z
2010,Z11,1278,M,11,Z
2010,Z12,1431,M,12,Z
2010,Z13,1293,M,13,Z
2010,Z14,1324,M,14,Z
2010,Z15,1317,M,15,Z
2010,Z16,1436,M,16,Z
2011,W01,1326,M,1,W
2011,W02,1314,M,2,W
2011,W03,1393,M,3,W
2011,W04,1246,M,4,W
2011,W05,1452,M,5,W
2011,W06,1462,M,6,W
2011,W07,1449,M,7,W
2011,W08,1206,M,8,W
2011,W09,1437,M,9,W
2011,W10,1208,M,10,W
2011,W11,1266,M,11,W
2011,W12a,1155,M,12,W
2011,W12b,1412,M,12,W
2011,W13,1343,M,13,W
2011,W14,1232,M,14,W
2011,W15,1254,M,15,W
2011,W16a,1106,M,16,W
2011,W16b,1427,M,16,W
2011,X01,1181,M,1,X
2011,X02,1361,M,2,X
2011,X03,1163,M,3,X
2011,X04,1400,M,4,X
2011,X05,1112,M,5,X
2011,X06,1153,M,6,X
2011,X07,1396,M,7,X
2011,X08,1276,M,8,X
2011,X09,1397,M,9,X
2011,X10,1336,M,10,X
2011,X11,1281,M,11,X
2011,X12,1272,M,12,X
2011,X13,1324,M,13,X
2011,X14,1137,M,14,X
2011,X15,1294,M,15,X
2011,X16,1214,M,16,X
2011,Y01,1338,M,1,Y
2011,Y02,1196,M,2,Y
2011,Y03,1140,M,3,Y
2011,Y04,1458,M,4,Y
2011,Y05,1243,M,5,Y
2011,Y06,1385,M,6,Y
2011,Y07,1417,M,7,Y
2011,Y08,1139,M,8,Y
2011,Y09,1330,M,9,Y
2011,Y10,1277,M,10,Y
2011,Y11,1211,M,11,Y
2011,Y12,1429,M,12,Y
2011,Y13,1125,M,13,Y
2011,Y14,1459,M,14,Y
2011,Y15,1364,M,15,Y
2011,Y16a,1114,M,16,Y
2011,Y16b,1421,M,16,Y
2011,Z01,1242,M,1,Z
2011,Z02,1323,M,2,Z
2011,Z03,1345,M,3,Z
2011,Z04,1257,M,4,Z
2011,Z05,1435,M,5,Z
2011,Z06,1207,M,6,Z
2011,Z07,1401,M,7,Z
2011,Z08,1424,M,8,Z
2011,Z09,1228,M,9,Z
2011,Z10,1199,M,10,Z
2011,Z11a,1425,M,11,Z
2011,Z11b,1433,M,11,Z
2011,Z12,1350,M,12,Z
2011,Z13,1287,M,13,Z
2011,Z14,1389,M,14,Z
2011,Z15,1103,M,15,Z
2011,Z16,1131,M,16,Z
2012,W01,1393,M,1,W
2012,W02,1326,M,2,W
2012,W03,1199,M,3,W
2012,W04,1458,M,4,W
2012,W05,1435,M,5,W
2012,W06,1153,M,6,W
2012,W07,1211,M,7,W
2012,W08,1243,M,8,W
2012,W09,1379,M,9,W
2012,W10,1452,M,10,W
2012,W11,1400,M,11,W
2012,W12,1217,M,12,W
2012,W13,1285,M,13,W
2012,W14,1382,M,14,W
2012,W15,1259,M,15,W
2012,W16,1421,M,16,W
2012,X01,1314,M,1,X
2012,X02,1242,M,2,X
2012,X03,1207,M,3,X
2012,X04,1276,M,4,X
2012,X05,1396,M,5,X
2012,X06,1361,M,6,X
2012,X07,1388,M,7,X
2012,X08,1166,M,8,X
2012,X09,1104,M,9,X
2012,X10,1345,M,10,X
2012,X11,1301,M,11,X
2012,X12a,1143,M,12,X
2012,X12b,1378,M,12,X
2012,X13,1325,M,13,X
2012,X14,1125,M,14,X
2012,X15,1178,M,15,X
2012,X16a,1249,M,16,X
2012,X16b,1436,M,16,X
2012,Y01,1246,M,1,Y
2012,Y02,1181,M,2,Y
2012,Y03,1124,M,3,Y
2012,Y04,1231,M,4,Y
2012,Y05,1455,M,5,Y
2012,Y06,1424,M,6,Y
2012,Y07,1323,M,7,Y
2012,Y08,1235,M,8,Y
2012,Y09,1163,M,9,Y
2012,Y10,1462,M,10,Y
2012,Y11,1160,M,11,Y
2012,Y12,1433,M,12,Y
2012,Y13,1308,M,13,Y
2012,Y14,1355,M,14,Y
2012,Y15,1250,M,15,Y
2012,Y16a,1290,M,16,Y
2012,Y16b,1443,M,16,Y
2012,Z01,1277,M,1,Z
2012,Z02,1281,M,2,Z
2012,Z03,1266,M,3,Z
2012,Z04,1257,M,4,Z
2012,Z05,1307,M,5,Z
2012,Z06,1293,M,6,Z
2012,Z07,1196,M,7,Z
2012,Z08,1272,M,8,Z
2012,Z09,1387,M,9,Z
2012,Z10,1438,M,10,Z
2012,Z11,1161,M,11,Z
2012,Z12,1253,M,12,Z
2012,Z13,1172,M,13,Z
2012,Z14a,1140,M,14,Z
2012,Z14b,1233,M,14,Z
2012,Z15,1313,M,15,Z
2012,Z16,1254,M,16,Z
2013,W01,1231,M,1,W
2013,W02,1274,M,2,W
2013,W03,1266,M,3,W
2013,W04,1393,M,4,W
2013,W05,1424,M,5,W
2013,W06,1139,M,6,W
2013,W07,1228,M,7,W
2013,W08,1301,M,8,W
2013,W09,1396,M,9,W
2013,W10,1160,M,10,W
2013,W11,1137,M,11,W
2013,W12,1143,M,12,W
2013,W13,1285,M,13,W
2013,W14,1172,M,14,W
2013,W15,1334,M,15,W
2013,W16a,1241,M,16,W
2013,W16b,1254,M,16,W
2013,X01,1242,M,1,X
2013,X02,1207,M,2,X
2013,X03,1196,M,3,X
2013,X04,1276,M,4,X
2013,X05,1433,M,5,X
2013,X06,1417,M,6,X
2013,X07,1361,M,7,X
2013,X08,1314,M,8,X
2013,X09,1437,M,9,X
2013,X10,1328,M,10,X
2013,X11,1278,M,11,X
2013,X12,1103,M,12,X
2013,X13,1355,M,13,X
2013,X14,1322,M,14,X
2013,X15,1195,M,15,X
2013,X16,1443,M,16,X
2013,Y01,1257,M,1,Y
2013,Y02,1181,M,2,Y
2013,Y03,1277,M,3,Y
2013,Y04,1387,M,4,Y
2013,Y05,1329,M,5,Y
2013,Y06,1272,M,6,Y
2013,Y07,1166,M,7,Y
2013,Y08,1161,M,8,Y
2013,Y09,1281,M,9,Y
2013,Y10,1153,M,10,Y
2013,Y11a,1292,M,11,Y
2013,Y11b,1388,M,11,Y
2013,Y12,1332,M,12,Y
2013,Y13,1308,M,13,Y
2013,Y14,1434,M,14,Y
2013,Y15,1107,M,15,Y
2013,Y16a,1251,M,16,Y
2013,Y16b,1299,M,16,Y
2013,Z01,1211,M,1,Z
2013,Z02,1326,M,2,Z
2013,Z03,1307,M,3,Z
2013,Z04,1243,M,4,Z
2013,Z05,1458,M,5,Z
2013,Z06,1112,M,6,Z
2013,Z07,1323,M,7,Z
2013,Z08,1338,M,8,Z
2013,Z09,1455,M,9,Z
2013,Z10,1235,M,10,Z
2013,Z11,1125,M,11,Z
2013,Z12,1279,M,12,Z
2013,Z13a,1129,M,13,Z
2013,Z13b,1247,M,13,Z
2013,Z14,1217,M,14,Z
2013,Z15,1233,M,15,Z
2013,Z16,1380,M,16,Z
2014,W01,1438,M,1,W
2014,W02,1437,M,2,W
2014,W03,1235,M,3,W
2014,W04,1277,M,4,W
2014,W05,1153,M,5,W
2014,W06,1314,M,6,W
2014,W07,1163,M,7,W
2014,W08,1272,M,8,W
2014,W09,1203,M,9,W
2014,W10,1386,M,10,W
2014,W11,1344,M,11,W
2014,W12,1217,M,12,W
2014,W13,1174,M,13,W
2014,W14,1300,M,14,W
2014,W15,1454,M,15,W
2014,W16,1157,M,16,W
2014,X01,1196,M,1,X
2014,X02,1242,M,2,X
2014,X03,1393,M,3,X
2014,X04,1417,M,4,X
2014,X05,1433,M,5,X
2014,X06,1326,M,6,X
2014,X07,1307,M,7,X
2014,X08,1160,M,8,X
2014,X09,1338,M,9,X
2014,X10,1390,M,10,X
2014,X11,1173,M,11,X
2014,X12,1372,M,12,X
2014,X13,1409,M,13,X
2014,X14,1444,M,14,X
2014,X15,1184,M,15,X
2014,X16a,1107,M,16,X
2014,X16b,1291,M,16,X
2014,Y01,1455,M,1,Y
2014,Y02,1276,M,2,Y
2014,Y03,1181,M,3,Y
2014,Y04,1257,M,4,Y
2014,Y05,1387,M,5,Y
2014,Y06,1269,M,6,Y
2014,Y07,1400,M,7,Y
2014,Y08,1246,M,8,Y
2014,Y09,1243,M,9,Y
2014,Y10,1113,M,10,Y
2014,Y11a,1234,M,11,Y
2014,Y11b,1397,M,11,Y
2014,Y12a,1301,M,12,Y
2014,Y12b,1462,M,12,Y
2014,Y13,1264,M,13,Y
2014,Y14,1273,M,14,Y
2014,Y15,1459,M,15,Y
2014,Y16a,1142,M,16,Y
2014,Y16b,1411,M,16,Y
2014,Z01,1112,M,1,Z
2014,Z02,1458,M,2,Z
2014,Z03,1166,M,3,Z
2014,Z04,1361,M,4,Z
2014,Z05,1328,M,5,Z
2014,Z06,1124,M,6,Z
2014,Z07,1332,M,7,Z
2014,Z08,1211,M,8,Z
2014,Z09,1329,M,9,Z
2014,Z10,1140,M,10,Z
2014,Z11,1304,M,11,Z
2014,Z12,1295,M,12,Z
2014,Z13,1308,M,13,Z
2014,Z14,1418,M,14,Z
2014,Z15,1110,M,15,Z
2014,Z16,1451,M,16,Z
2015,W01,1437,M,1,W
2015,W02,1438,M,2,W
2015,W03,1328,M,3,W
2015,W04,1257,M,4,W
2015,W05,1320,M,5,W
2015,W06,1344,M,6,W
2015,W07,1277,M,7,W
2015,W08,1301,M,8,W
2015,W09,1261,M,9,W
2015,W10,1208,M,10,W
2015,W11a,1129,M,11,W
2015,W11b,1173,M,11,W
2015,W12,1461,M,12,W
2015,W13,1414,M,13,W
2015,W14,1107,M,14,W
2015,W15,1125,M,15,W
2015,W16,1248,M,16,W
2015,X01,1181,M,1,X
2015,X02,1211,M,2,X
2015,X03,1235,M,3,X
2015,X04,1207,M,4,X
2015,X05,1428,M,5,X
2015,X06,1374,M,6,X
2015,X07,1234,M,7,X
2015,X08,1361,M,8,X
2015,X09,1385,M,9,X
2015,X10,1172,M,10,X
2015,X11,1417,M,11,X
2015,X12,1372,M,12,X
2015,X13,1186,M,13,X
2015,X14,1412,M,14,X
2015,X15,1295,M,15,X
2015,X16a,1316,M,16,X
2015,X16b,1352,M,16,X
2015,Y01,1246,M,1,Y
2015,Y02,1242,M,2,Y
2015,Y03,1323,M,3,Y
2015,Y04,1268,M,4,Y
2015,Y05,1452,M,5,Y
2015,Y06,1139,M,6,Y
2015,Y07,1455,M,7,Y
2015,Y08,1153,M,8,Y
2015,Y09,1345,M,9,Y
2015,Y10,1231,M,10,Y
2015,Y11,1400,M,11,Y
2015,Y12,1138,M,12,Y
2015,Y13,1434,M,13,Y
2015,Y14,1318,M,14,Y
2015,Y15,1308,M,15,Y
2015,Y16a,1214,M,16,Y
2015,Y16b,1264,M,16,Y
2015,Z01,1458,M,1,Z
2015,Z02,1112,M,2,Z
2015,Z03,1124,M,3,Z
2015,Z04,1314,M,4,Z
2015,Z05,1116,M,5,Z
2015,Z06,1462,M,6,Z
2015,Z07,1433,M,7,Z
2015,Z08,1332,M,8,Z
2015,Z09,1329,M,9,Z
2015,Z10,1326,M,10,Z
2015,Z11a,1140,M,11,Z
2015,Z11b,1279,M,11,Z
2015,Z12,1459,M,12,Z
2015,Z13,1217,M,13,Z
2015,Z14,1209,M,14,Z
2015,Z15,1411,M,15,Z
2015,Z16,1157,M,16,Z
2016,W01,1314,M,1,W
2016,W02,1462,M,2,W
2016,W03,1452,M,3,W
2016,W04,1246,M,4,W
2016,W05,1231,M,5,W
2016,W06,1323,M,6,W
2016,W07,1458,M,7,W
2016,W08,1425,M,8,W
2016,W09,1344,M,9,W
2016,W10,1338,M,10,W
2016,W11a,1276,M,11,W
2016,W11b,1409,M,11,W
2016,W12,1151,M,12,W
2016,W13,1392,M,13,W
2016,W14,1372,M,14,W
2016,W15,1451,M,15,W
2016,W16a,1192,M,16,W
2016,W16b,1195,M,16,W
2016,X01,1438,M,1,X
2016,X02,1277,M,2,X
2016,X03,1428,M,3,X
2016,X04,1235,M,4,X
2016,X05,1345,M,5,X
2016,X06,1371,M,6,X
2016,X07,1173,M,7,X
2016,X08,1403,M,8,X
2016,X09,1139,M,9,X
2016,X10,1393,M,10,X
2016,X11,1211,M,11,X
2016,X12,1114,M,12,X
2016,X13,1233,M,13,X
2016,X14,1201,M,14,X
2016,X15,1292,M,15,X
2016,X16,1214,M,16,X
2016,Y01,1242,M,1,Y
2016,Y02,1437,M,2,Y
2016,Y03,1274,M,3,Y
2016,Y04,1143,M,4,Y
2016,Y05,1268,M,5,Y
2016,Y06,1112,M,6,Y
2016,Y07,1234,M,7,Y
2016,Y08,1160,M,8,Y
2016,Y09,1163,M,9,Y
2016,Y10,1396,M,10,Y
2016,Y11a,1435,M,11,Y
2016,Y11b,1455,M,11,Y
2016,Y12,1355,M,12,Y
2016,Y13,1218,M,13,Y
2016,Y14,1138,M,14,Y
2016,Y15,1421,M,15,Y
2016,Y16,1122,M,16,Y
2016,Z01,1332,M,1,Z
2016,Z02,1328,M,2,Z
2016,Z03,1401,M,3,Z
2016,Z04,1181,M,4,Z
2016,Z05,1124,M,5,Z
2016,Z06,1400,M,6,Z
2016,Z07,1333,M,7,Z
2016,Z08,1386,M,8,Z
2016,Z09,1153,M,9,Z
2016,Z10,1433,M,10,Z
2016,Z11,1320,M,11,Z
2016,Z12,1463,M,12,Z
2016,Z13,1423,M,13,Z
2016,Z14,1453,M,14,Z
2016,Z15,1167,M,15,Z
2016,Z16a,1221,M,16,Z
2016,Z16b,1380,M,16,Z
2017,W01,1437,M,1,W
2017,W02,1181,M,2,W
2017,W03,1124,M,3,W
2017,W04,1196,M,4,W
2017,W05,1438,M,5,W
2017,W06,1374,M,6,W
2017,W07,1376,M,7,W
2017,W08,1458,M,8,W
2017,W09,1439,M,9,W
2017,W10,1266,M,10,W
2017,W11a,1344,M,11,W
2017,W11b,1425,M,11,W
2017,W12,1423,M,12,W
2017,W13,1190,M,13,W
2017,W14,1308,M,14,W
2017,W15,1407,M,15,W
2017,W16a,1291,M,16,W
2017,W16b,1309,M,16,W
2017,X01,1211,M,1,X
2017,X02,1112,M,2,X
2017,X03,1199,M,3,X
2017,X04,1452,M,4,X
2017,X05,1323,M,5,X
2017,X06,1268,M,6,X
2017,X07,1388,M,7,X
2017,X08,1321,M,8,X
2017,X09,1435,M,9,X
2017,X10,1433,M,10,X
2017,X11,1462,M,11,X
2017,X12,1343,M,12,X
2017,X13,1137,M,13,X
2017,X14,1195,M,14,X
2017,X15,1315,M,15,X
2017,X16,1355,M,16,X
2017,Y01,1242,M,1,Y
2017,Y02,1257,M,2,Y
2017,Y03,1332,M,3,Y
2017,Y04,1345,M,4,Y
2017,Y05,1235,M,5,Y
2017,Y06,1166,M,6,Y
2017,Y07,1276,M,7,Y
2017,Y08,1274,M,8,Y
2017,Y09,1277,M,9,Y
2017,Y10,1329,M,10,Y
2017,Y11,1348,M,11,Y
2017,Y12,1305,M,12,Y
2017,Y13,1436,M,13,Y
2017,Y14,1233,M,14,Y
2017,Y15,1240,M,15,Y
2017,Y16a,1300,M,16,Y
2017,Y16b,1413,M,16,Y
2017,Z01,1314,M,1,Z
2017,Z02,1246,M,2,Z
2017,Z03,1417,M,3,Z
2017,Z04,1139,M,4,Z
2017,Z05,1278,M,5,Z
2017,Z06,1153,M,6,Z
2017,Z07,1173,M,7,Z
2017,Z08,1116,M,8,Z
2017,Z09,1371,M,9,Z
2017,Z10,1455,M,10,Z
2017,Z11a,1243,M,11,Z
2017,Z11b,1448,M,11,Z
2017,Z12,1292,M,12,Z
2017,Z13,1457,M,13,Z
2017,Z14,1245,M,14,Z
2017,Z15,1297,M,15,Z
2017,Z16,1411,M,16,Z
2018,W01,1437,M,1,W
2018,W02,1345,M,2,W
2018,W03,1403,M,3,W
2018,W04,1455,M,4,W
2018,W05,1452,M,5,W
2018,W06,1196,M,6,W
2018,W07,1116,M,7,W
2018,W08,1439,M,8,W
2018,W09,1104,M,9,W
2018,W10,1139,M,10,W
2018,W11a,1382,M,11,W
2018,W11b,1417,M,11,W
2018,W12,1293,M,12,W
2018,W13,1267,M,13,W
2018,W14,1372,M,14,W
2018,W15,1168,M,15,W
2018,W16a,1254,M,16,W
2018,W16b,1347,M,16,W
2018,X01,1242,M,1,X
2018,X02,1181,M,2,X
2018,X03,1277,M,3,X
2018,X04,1120,M,4,X
2018,X05,1155,M,5,X
2018,X06,1395,M,6,X
2018,X07,1348,M,7,X
2018,X08,1371,M,8,X
2018,X09,1301,M,9,X
2018,X10,1328,M,10,X
2018,X11a,1113,M,11,X
2018,X11b,1393,M,11,X
2018,X12,1308,M,12,X
2018,X13,1158,M,13,X
2018,X14,1137,M,14,X
2018,X15,1233,M,15,X
2018,X16,1335,M,16,X
2018,Y01,1438,M,1,Y
2018,Y02,1153,M,2,Y
2018,Y03,1397,M,3,Y
2018,Y04,1112,M,4,Y
2018,Y05,1246,M,5,Y
2018,Y06,1274,M,6,Y
2018,Y07,1305,M,7,Y
2018,Y08,1166,M,8,Y
2018,Y09,1243,M,9,Y
2018,Y10,1400,M,10,Y
2018,Y11,1260,M,11,Y
2018,Y12,1172,M,12,Y
2018,Y13,1138,M,13,Y
2018,Y14,1460,M,14,Y
2018,Y15,1209,M,15,Y
2018,Y16,1420,M,16,Y
2018,Z01,1462,M,1,Z
2018,Z02,1314,M,2,Z
2018,Z03,1276,M,3,Z
2018,Z04,1211,M,4,Z
2018,Z05,1326,M,5,Z
2018,Z06,1222,M,6,Z
2018,Z07,1401,M,7,Z
2018,Z08,1281,M,8,Z
2018,Z09,1199,M,9,Z
2018,Z10,1344,M,10,Z
2018,Z11,1361,M,11,Z
2018,Z12,1355,M,12,Z
2018,Z13,1422,M,13,Z
2018,Z14,1285,M,14,Z
2018,Z15,1252,M,15,Z
2018,Z16a,1300,M,16,Z
2018,Z16b,1411,M,16,Z
2019,W01,1181,M,1,W
2019,W02,1277,M,2,W
2019,W03,1261,M,3,W
2019,W04,1439,M,4,W
2019,W05,1280,M,5,W
2019,W06,1268,M,6,W
2019,W07,1257,M,7,W
2019,W08,1433,M,8,W
2019,W09,1416,M,9,W
2019,W10,1278,M,10,W
2019,W11a,1125,M,11,W
2019,W11b,1396,M,11,W
2019,W12,1251,M,12,W
2019,W13,1387,M,13,W
2019,W14,1463,M,14,W
2019,W15,1133,M,15,W
2019,W16a,1295,M,16,W
2019,W16b,1300,M,16,W
2019,X01,1211,M,1,X
2019,X02,1276,M,2,X
2019,X03,1403,M,3,X
2019,X04,1199,M,4,X
2019,X05,1266,M,5,X
2019,X06,1138,M,6,X
2019,X07,1305,M,7,X
2019,X08,1393,M,8,X
2019,X09,1124,M,9,X
2019,X10,1196,M,10,X
2019,X11a,1113,M,11,X
2019,X11b,1385,M,11,X
2019,X12,1293,M,12,X
2019,X13,1436,M,13,X
2019,X14,1297,M,14,X
2019,X15,1285,M,15,X
2019,X16a,1192,M,16,X
2019,X16b,1341,M,16,X
2019,Y01,1314,M,1,Y
2019,Y02,1246,M,2,Y
2019,Y03,1222,M,3,Y
2019,Y04,1242,M,4,Y
2019,Y05,1120,M,5,Y
2019,Y06,1235,M,6,Y
2019,Y07,1459,M,7,Y
2019,Y08,1429,M,8,Y
2019,Y09,1449,M,9,Y
2019,Y10,1371,M,10,Y
2019,Y11,1326,M,11,Y
2019,Y12,1308,M,12,Y
2019,Y13,1318,M,13,Y
2019,Y14,1209,M,14,Y
2019,Y15,1101,M,15,Y
2019,Y16,1233,M,16,Y
2019,Z01,1438,M,1,Z
2019,Z02,1397,M,2,Z
2019,Z03,1345,M,3,Z
2019,Z04,1243,M,4,Z
2019,Z05,1458,M,5,Z
2019,Z06,1437,M,6,Z
2019,Z07,1153,M,7,Z
2019,Z08,1279,M,8,Z
2019,Z09,1328,M,9,Z
2019,Z10,1234,M,10,Z
2019,Z11,1388,M,11,Z
2019,Z12,1332,M,12,Z
2019,Z13,1414,M,13,Z
2019,Z14,1330,M,14,Z
2019,Z15,1159,M,15,Z
2019,Z16,1205,M,16,Z
2021,W01,1276,M,1,W
2021,W02,1104,M,2,W
2021,W03,1400,M,3,W
2021,W04,1199,M,4,W
2021,W05,1160,M,5,W
2021,W06,1140,M,6,W
2021,W07,1163,M,7,W
2021,W08,1261,M,8,W
2021,W09,1382,M,9,W
2021,W10,1268,M,10,W
2021,W11a,1277,M,11,W
2021,W11b,1417,M,11,W
2021,W12,1207,M,12,W
2021,W13,1422,M,13,W
2021,W14,1101,M,14,W
2021,W15,1233,M,15,W
2021,W16a,1291,M,16,W
2021,W16b,1411,M,16,W
2021,X01,1211,M,1,X
2021,X02,1234,M,2,X
2021,X03,1242,M,3,X
2021,X04,1438,M,4,X
2021,X05,1166,M,5,X
2021,X06,1425,M,6,X
2021,X07,1332,M,7,X
2021,X08,1328,M,8,X
2021,X09,1281,M,9,X
2021,X10,1433,M,10,X
2021,X11a,1179,M,11,X
2021,X11b,1455,M,11,X
2021,X12,1364,M,12,X
2021,X13,1325,M,13,X
2021,X14,1186,M,14,X
2021,X15,1213,M,15,X
2021,X16a,1111,M,16,X
2021,X16b,1313,M,16,X
2021,Y01,1228,M,1,Y
2021,Y02,1222,M,2,Y
2021,Y03,1452,M,3,Y
2021,Y04,1329,M,4,Y
2021,Y05,1397,M,5,Y
2021,Y06,1361,M,6,Y
2021,Y07,1155,M,7,Y
2021,Y08,1260,M,8,Y
2021,Y09,1210,M,9,Y
2021,Y10,1353,M,10,Y
2021,Y11,1393,M,11,Y
2021,Y12,1333,M,12,Y
2021,Y13,1251,M,13,Y
2021,Y14,1287,M,14,Y
2021,Y15,1156,M,15,Y
2021,Y16,1180,M,16,Y
2021,Z01,1124,M,1,Z
2021,Z02,1326,M,2,Z
2021,Z03,1116,M,3,Z
2021,Z04,1345,M,4,Z
2021,Z05,1437,M,5,Z
2021,Z06,1403,M,6,Z
2021,Z07,1196,M,7,Z
2021,Z08,1314,M,8,Z
2021,Z09,1458,M,9,Z
2021,Z10,1439,M,10,Z
2021,Z11,1429,M,11,Z
2021,Z12,1457,M,12,Z
2021,Z13,1317,M,13,Z
2021,Z14,1159,M,14,Z
2021,Z15,1331,M,15,Z
2021,Z16,1216,M,16,Z
2022,W01,1124,M,1,W
2022,W02,1246,M,2,W
2022,W03,1345,M,3,W
2022,W04,1417,M,4,W
2022,W05,1388,M,5,W
2022,W06,1400,M,6,W
2022,W07,1293,M,7,W
2022,W08,1314,M,8,W
2022,W09,1266,M,9,W
2022,W10,1362,M,10,W
2022,W11,1439,M,11,W
2022,W12a,1231,M,12,W
2022,W12b,1461,M,12,W
2022,W13,1103,M,13,W
2022,W14,1463,M,14,W
2022,W15,1389,M,15,W
2022,W16,1313,M,16,W
2022,X01,1211,M,1,X
2022,X02,1181,M,2,X
2022,X03,1403,M,3,X
2022,X04,1116,M,4,X
2022,X05,1163,M,5,X
2022,X06,1104,M,6,X
2022,X07,1277,M,7,X
2022,X08,1129,M,8,X
2022,X09,1272,M,9,X
2022,X10,1172,M,10,X
2022,X11a,1323,M,11,X
2022,X11b,1353,M,11,X
2022,X12,1308,M,12,X
2022,X13,1436,M,13,X
2022,X14,1286,M,14,X
2022,X15,1168,M,15,X
2022,X16,1209,M,16,X
2022,Y01,1242,M,1,Y
2022,Y02,1120,M,2,Y
2022,Y03,1458,M,3,Y
2022,Y04,1344,M,4,Y
2022,Y05,1234,M,5,Y
2022,Y06,1261,M,6,Y
2022,Y07,1425,M,7,Y
2022,Y08,1361,M,8,Y
2022,Y09,1166,M,9,Y
2022,Y10,1274,M,10,Y
2022,Y11,1235,M,11,Y
2022,Y12,1350,M,12,Y
2022,Y13,1355,M,13,Y
2022,Y14,1159,M,14,Y
2022,Y15,1240,M,15,Y
2022,Y16a,1394,M,16,Y
2022,Y16b,1411,M,16,Y
2022,Z01,1112,M,1,Z
2022,Z02,1437,M,2,Z
2022,Z03,1397,M,3,Z
2022,Z04,1228,M,4,Z
2022,Z05,1222,M,5,Z
2022,Z06,1161,M,6,Z
2022,Z07,1326,M,7,Z
2022,Z08,1371,M,8,Z
2022,Z09,1395,M,9,Z
2022,Z10,1260,M,10,Z
2022,Z11,1276,M,11,Z
2022,Z12,1412,M,12,Z
2022,Z13,1151,M,13,Z
2022,Z14,1255,M,14,Z
2022,Z15,1174,M,15,Z
2022,Z16a,1136,M,16,Z
2022,Z16b,1460,M,16,Z
2023,W01,1345,M,1,W
2023,W02,1266,M,2,W
2023,W03,1243,M,3,W
2023,W04,1397,M,4,W
2023,W05,1181,M,5,W
2023,W06,1246,M,6,W
2023,W07,1277,M,7,W
2023,W08,1272,M,8,W
2023,W09,1194,M,9,W
2023,W10,1425,M,10,W
2023,W11,1344,M,11,W
2023,W12,1331,M,12,W
2023,W13,1418,M,13,W
2023,W14,1286,M,14,W
2023,W15,1436,M,15,W
2023,W16a,1192,M,16,W
2023,W16b,1411,M,16,W
2023,X01,1104,M,1,X
2023,X02,1112,M,2,X
2023,X03,1124,M,3,X
2023,X04,1438,M,4,X
2023,X05,1361,M,5,X
2023,X06,1166,M,6,X
2023,X07,1281,M,7,X
2023,X08,1268,M,8,X
2023,X09,1452,M,9,X
2023,X10,1429,M,10,X
2023,X11,1301,M,11,X
2023,X12,1158,M,12,X
2023,X13,1202,M,13,X
2023,X14,1364,M,14,X
2023,X15,1343,M,15,X
2023,X16a,1369,M,16,X
2023,X16b,1394,M,16,X
2023,Y01,1222,M,1,Y
2023,Y02,1400,M,2,Y
2023,Y03,1462,M,3,Y
2023,Y04,1231,M,4,Y
2023,Y05,1274,M,5,Y
2023,Y06,1235,M,6,Y
2023,Y07,1401,M,7,Y
2023,Y08,1234,M,8,Y
2023,Y09,1120,M,9,Y
2023,Y10,1336,M,10,Y
2023,Y11a,1280,M,11,Y
2023,Y11b,1338,M,11,Y
2023,Y12,1179,M,12,Y
2023,Y13,1245,M,13,Y
2023,Y14,1244,M,14,Y
2023,Y15,1159,M,15,Y
2023,Y16,1297,M,16,Y
2023,Z01,1242,M,1,Z
2023,Z02,1417,M,2,Z
2023,Z03,1211,M,3,Z
2023,Z04,1163,M,4,Z
2023,Z05,1388,M,5,Z
2023,Z06,1395,M,6,Z
2023,Z07,1321,M,7,Z
2023,Z08,1116,M,8,Z
2023,Z09,1228,M,9,Z
2023,Z10,1129,M,10,Z
2023,Z11a,1113,M,11,Z
2023,Z11b,1305,M,11,Z
2023,Z12,1433,M,12,Z
2023,Z13,1233,M,13,Z
2023,Z14,1213,M,14,Z
2023,Z15,1421,M,15,Z
2023,Z16,1224,M,16,Z
2024,W01,1163,M,1,W
2024,W02,1235,M,2,W
2024,W03,1228,M,3,W
2024,W04,1120,M,4,W
2024,W05,1361,M,5,W
2024,W06,1140,M,6,W
2024,W07,1450,M,7,W
2024,W08,1194,M,8,W
2024,W09,1321,M,9,W
2024,W10,1179,M,10,W
2024,W11,1182,M,11,W
2024,W12,1412,M,12,W
2024,W13,1463,M,13,W
2024,W14,1287,M,14,W
2024,W15,1355,M,15,W
2024,W16,1391,M,16,W
2024,X01,1314,M,1,X
2024,X02,1112,M,2,X
2024,X03,1124,M,3,X
2024,X04,1104,M,4,X
2024,X05,1388,M,5,X
2024,X06,1155,M,6,X
2024,X07,1173,M,7,X
2024,X08,1280,M,8,X
2024,X09,1277,M,9,X
2024,X10,1305,M,10,X
2024,X11,1307,M,11,X
2024,X12,1213,M,12,X
2024,X13,1158,M,13,X
2024,X14,1159,M,14,X
2024,X15,1253,M,15,X
2024,X16a,1224,M,16,X
2024,X16b,1447,M,16,X
2024,Y01,1345,M,1,Y
2024,Y02,1397,M,2,Y
2024,Y03,1166,M,3,Y
2024,Y04,1242,M,4,Y
2024,Y05,1211,M,5,Y
2024,Y06,1376,M,6,Y
2024,Y07,1400,M,7,Y
2024,Y08,1429,M,8,Y
2024,Y09,1395,M,9,Y
2024,Y10a,1161,M,10,Y
2024,Y10b,1438,M,10,Y
2024,Y11,1332,M,11,Y
2024,Y12,1270,M,12,Y
2024,Y13,1359,M,13,Y
2024,Y14,1103,M,14,Y
2024,Y15,1389,M,15,Y
2024,Y16a,1212,M,16,Y
2024,Y16b,1286,M,16,Y
2024,Z01,1222,M,1,Z
2024,Z02,1266,M,2,Z
2024,Z03,1246,M,3,Z
2024,Z04,1181,M,4,Z
2024,Z05,1458,M,5,Z
2024,Z06,1403,M,6,Z
2024,Z07,1196,M,7,Z
2024,Z08,1304,M,8,Z
2024,Z09,1401,M,9,Z
2024,Z10a,1129,M,10,Z
2024,Z10b,1160,M,10,Z
2024,Z11,1301,M,11,Z
2024,Z12,1241,M,12,Z
2024,Z13,1436,M,13,Z
2024,Z14,1324,M,14,Z
2024,Z15,1443,M,15,Z
2024,Z16,1255,M,16,Z
2025,W01,1181,M,1,W
2025,W02,1104,M,2,W
2025,W03,1458,M,3,W
2025,W04,1112,M,4,W
2025,W05,1332,M,5,W
2025,W06,1140,M,6,W
2025,W07,1388,M,7,W
2025,W08,1280,M,8,W
2025,W09,1124,M,9,W
2025,W10,1435,M,10,W
2025,W11,1433,M,11,W
2025,W12,1251,M,12,W
2025,W13,1103,M,13,W
2025,W14,1285,M,14,W
2025,W15,1352,M,15,W
2025,W16a,1110,M,16,W
2025,W16b,1291,M,16,W
2025,X01,1222,M,1,X
2025,X02,1397,M,2,X
2025,X03,1246,M,3,X
2025,X04,1345,M,4,X
2025,X05,1155,M,5,X
2025,X06,1228,M,6,X
2025,X07,1417,M,7,X
2025,X08,1211,M,8,X
2025,X09,1208,M,9,X
2025,X10,1429,M,10,X
2025,X11a,1400,M,11,X
2025,X11b,1462,M,11,X
2025,X12,1270,M,12,X
2025,X13,1219,M,13,X
2025,X14,1407,M,14,X
2025,X15,1459,M,15,X
2025,X16,1188,M,16,X
2025,Y01,1120,M,1,Y
2025,Y02,1277,M,2,Y
2025,Y03,1235,M,3,Y
2025,Y04,1401,M,4,Y
2025,Y05,1276,M,5,Y
2025,Y06,1279,M,6,Y
2025,Y07,1266,M,7,Y
2025,Y08,1257,M,8,Y
2025,Y09,1166,M,9,Y
2025,Y10,1307,M,10,Y
2025,Y11a,1314,M,11,Y
2025,Y11b,1361,M,11,Y
2025,Y12,1471,M,12,Y
2025,Y13,1463,M,13,Y
2025,Y14,1252,M,14,Y
2025,Y15,1136,M,15,Y
2025,Y16a,1106,M,16,Y
2025,Y16b,1384,M,16,Y
2025,Z01,1196,M,1,Z
2025,Z02,1385,M,2,Z
2025,Z03,1403,M,3,Z
2025,Z04,1268,M,4,Z
2025,Z05,1272,M,5,Z
2025,Z06,1281,M,6,Z
2025,Z07,1242,M,7,Z
2025,Z08,1163,M,8,Z
2025,Z09,1328,M,9,Z
2025,Z10,1116,M,10,Z
2025,Z11,1179,M,11,Z
2025,Z12,1161,M,12,Z
2025,Z13,1213,M,13,Z
2025,Z14,1423,M,14,Z
2025,Z15,1303,M,15,Z
2025,Z16,1313,M,16,Z
1998,W01,3330,W,1,W
1998,W02,3163,W,2,W
1998,W03,3112,W,3,W
1998,W04,3301,W,4,W
1998,W05,3272,W,5,W
1998,W06,3438,W,6,W
1998,W07,3208,W,7,W
1998,W08,3307,W,8,W
1998,W09,3304,W,9,W
1998,W10,3203,W,10,W
1998,W11,3374,W,11,W
1998,W12,3464,W,12,W
1998,W13,3263,W,13,W
1998,W14,3365,W,14,W
1998,W15,3193,W,15,W
1998,W16,3384,W,16,W
1998,X01,3403,W,1,X
1998,X02,3104,W,2,X
1998,X03,3256,W,3,X
1998,X04,3345,W,4,X
1998,X05,3179,W,5,X
1998,X06,3155,W,6,X
1998,X07,3417,W,7,X
1998,X08,3283,W,8,X
1998,X09,3323,W,9,X
1998,X10,3276,W,10,X
1998,X11,3274,W,11,X
1998,X12,3161,W,12,X
1998,X13,3449,W,13,X
1998,X14,3221,W,14,X
1998,X15,3422,W,15,X
1998,X16,3212,W,16,X
1998,Y01,3397,W,1,Y
1998,Y02,3314,W,2,Y
1998,Y03,3228,W,3,Y
1998,Y04,3235,W,4,Y
1998,Y05,3353,W,5,Y
1998,Y06,3435,W,6,Y
1998,Y07,3198,W,7,Y
1998,Y08,3443,W,8,Y
1998,Y09,3372,W,9,Y
1998,Y10,3266,W,10,Y
1998,Y11,3364,W,11,Y
1998,Y12,3332,W,12,Y
1998,Y13,3245,W,13,Y
1998,Y14,3453,W,14,Y
1998,Y15,3224,W,15,Y
1998,Y16,3251,W,16,Y
1998,Z01,3390,W,1,Z
1998,Z02,3181,W,2,Z
1998,Z03,3196,W,3,Z
1998,Z04,3234,W,4,Z
1998,Z05,3242,W,5,Z
1998,Z06,3458,W,6,Z
1998,Z07,3428,W,7,Z
1998,Z08,3218,W,8,Z
1998,Z09,3116,W,9,Z
1998,Z10,3257,W,10,Z
1998,Z11,3439,W,11,Z
1998,Z12,3408,W,12,Z
1998,Z13,3269,W,13,Z
1998,Z14,3285,W,14,Z
1998,Z15,3292,W,15,Z
1998,Z16,3217,W,16,Z
1999,W01,3397,W,1,W
1999,W02,3330,W,2,W
1999,W03,3181,W,3,W
1999,W04,3439,W,4,W
1999,W05,3120,W,5,W
1999,W06,3408,W,6,W
1999,W07,3390,W,7,W
1999,W08,3130,W,8,W
1999,W09,3326,W,9,W
1999,W10,3263,W,10,W
1999,W11,3386,W,11,W
1999,W12,3400,W,12,W
1999,W13,3389,W,13,W
1999,W14,3221,W,14,W
1999,W15,3399,W,15,W
1999,W16,3111,W,16,W
1999,X01,3163,W,1,X
1999,X02,3155,W,2,X
1999,X03,3208,W,3,X
1999,X04,3235,W,4,X
1999,X05,3332,W,5,X
1999,X06,3405,W,6,X
1999,X07,3228,W,7,X
1999,X08,3462,W,8,X
1999,X09,3198,W,9,X
1999,X10,3257,W,10,X
1999,X11,3374,W,11,X
1999,X12,3153,W,12,X
1999,X13,3365,W,13,X
1999,X14,3251,W,14,X
1999,X15,3197,W,15,X
1999,X16,3384,W,16,X
1999,Y01,3345,W,1,Y
1999,Y02,3403,W,2,Y
1999,Y03,3353,W,3,Y
1999,Y04,3314,W,4,Y
1999,Y05,3104,W,5,Y
1999,Y06,3112,W,6,Y
1999,Y07,3280,W,7,Y
1999,Y08,3266,W,8,Y
1999,Y09,3242,W,9,Y
1999,Y10,3301,W,10,Y
1999,Y11,3196,W,11,Y
1999,Y12,3212,W,12,Y
1999,Y13,3318,W,13,Y
1999,Y14,3171,W,14,Y
1999,Y15,3372,W,15,Y
1999,Y16,3331,W,16,Y
1999,Z01,3256,W,1,Z
1999,Z02,3161,W,2,Z
1999,Z03,3417,W,3,Z
1999,Z04,3261,W,4,Z
1999,Z05,3323,W,5,Z
1999,Z06,3246,W,6,Z
1999,Z07,3283,W,7,Z
1999,Z08,3336,W,8,Z
1999,Z09,3438,W,9,Z
1999,Z10,3364,W,10,Z
1999,Z11,3304,W,11,Z
1999,Z12,3388,W,12,Z
1999,Z13,3191,W,13,Z
1999,Z14,3453,W,14,Z
1999,Z15,3169,W,15,Z
1999,Z16,3416,W,16,Z
2000,W01,3163,W,1,W
2000,W02,3181,W,2,W
2000,W03,3261,W,3,W
2000,W04,3345,W,4,W
2000,W05,3328,W,5,W
2000,W06,3462,W,6,W
2000,W07,3266,W,7,W
2000,W08,3179,W,8,W
2000,W09,3155,W,9,W
2000,W10,3443,W,10,W
2000,W11,3372,W,11,W
2000,W12,3140,W,12,W
2000,W13,3171,W,13,W
2000,W14,3251,W,14,W
2000,W15,3144,W,15,W
2000,W16,3214,W,16,W
2000,X01,3256,W,1,X
2000,X02,3336,W,2,X
2000,X03,3235,W,3,X
2000,X04,3330,W,4,X
2000,X05,3301,W,5,X
2000,X06,3228,W,6,X
2000,X07,3120,W,7,X
2000,X08,3242,W,8,X
2000,X09,3435,W,9,X
2000,X10,3283,W,10,X
2000,X11,3428,W,11,X
2000,X12,3374,W,12,X
2000,X13,3453,W,13,X
2000,X14,3384,W,14,X
2000,X15,3464,W,15,X
2000,X16,3108,W,16,X
2000,Y01,3397,W,1,Y
2000,Y02,3323,W,2,Y
2000,Y03,3403,W,3,Y
2000,Y04,3438,W,4,Y
2000,Y05,3130,W,5,Y
2000,Y06,3408,W,6,Y
2000,Y07,3203,W,7,Y
2000,Y08,3112,W,8,Y
2000,Y09,3245,W,9,Y
2000,Y10,3417,W,10,Y
2000,Y11,3436,W,11,Y
2000,Y12,3304,W,12,Y
2000,Y13,3337,W,13,Y
2000,Y14,3399,W,14,Y
2000,Y15,3360,W,15,Y
2000,Y16,3202,W,16,Y
2000,Z01,3208,W,1,Z
2000,Z02,3353,W,2,Z
2000,Z03,3280,W,3,Z
2000,Z04,3364,W,4,Z
2000,Z05,3314,W,5,Z
2000,Z06,3332,W,6,Z
2000,Z07,3400,W,7,Z
2000,Z08,3276,W,8,Z
2000,Z09,3390,W,9,Z
2000,Z10,3386,W,10,Z
2000,Z11,3412,W,11,Z
2000,Z12,3263,W,12,Z
2000,Z13,3349,W,13,Z
2000,Z14,3389,W,14,Z
2000,Z15,3221,W,15,Z
2000,Z16,3285,W,16,Z
2001,W01,3163,W,1,W
2001,W02,3208,W,2,W
2001,W03,3256,W,3,W
2001,W04,3301,W,4,W
2001,W05,3437,W,5,W
2001,W06,3336,W,6,W
2001,W07,3458,W,7,W
2001,W08,3268,W,8,W
2001,W09,3161,W,9,W
2001,W10,3281,W,10,W
2001,W11,3395,W,11,W
2001,W12,3179,W,12,W
2001,W13,3174,W,13,W
2001,W14,3209,W,14,W
2001,W15,3251,W,15,W
2001,W16,3254,W,16,W
2001,X01,3323,W,1,X
2001,X02,3235,W,2,X
2001,X03,3435,W,3,X
2001,X04,3234,W,4,X
2001,X05,3428,W,5,X
2001,X06,3160,W,6,X
2001,X07,3199,W,7,X
2001,X08,3276,W,8,X
2001,X09,3438,W,9,X
2001,X10,3408,W,10,X
2001,X11,3373,W,11,X
2001,X12,3193,W,12,X
2001,X13,3332,W,13,X
2001,X14,3226,W,14,X
2001,X15,3224,W,15,X
2001,X16,3108,W,16,X
2001,Y01,3397,W,1,Y
2001,Y02,3403,W,2,Y
2001,Y03,3345,W,3,Y
2001,Y04,3462,W,4,Y
2001,Y05,3155,W,5,Y
2001,Y06,3261,W,6,Y
2001,Y07,3439,W,7,Y
2001,Y08,3400,W,8,Y
2001,Y09,3388,W,9,Y
2001,Y10,3176,W,10,Y
2001,Y11,3113,W,11,Y
2001,Y12,3151,W,12,Y
2001,Y13,3257,W,13,Y
2001,Y14,3364,W,14,Y
2001,Y15,3335,W,15,Y
2001,Y16,3122,W,16,Y
2001,Z01,3181,W,1,Z
2001,Z02,3328,W,2,Z
2001,Z03,3196,W,3,Z
2001,Z04,3353,W,4,Z
2001,Z05,3283,W,5,Z
2001,Z06,3449,W,6,Z
2001,Z07,3203,W,7,Z
2001,Z08,3124,W,8,Z
2001,Z09,3116,W,9,Z
2001,Z10,3390,W,10,Z
2001,Z11,3330,W,11,Z
2001,Z12,3405,W,12,Z
2001,Z13,3372,W,13,Z
2001,Z14,3221,W,14,Z
2001,Z15,3331,W,15,Z
2001,Z16,3454,W,16,Z
2002,W01,3181,W,1,W
2002,W02,3124,W,2,W
2002,W03,3376,W,3,W
2002,W04,3400,W,4,W
2002,W05,3256,W,5,W
2002,W06,3153,W,6,W
2002,W07,3179,W,7,W
2002,W08,3395,W,8,W
2002,W09,3231,W,9,W
2002,W10,3393,W,10,W
2002,W11,3389,W,11,W
2002,W12,3364,W,12,W
2002,W13,3453,W,13,W
2002,W14,3251,W,14,W
2002,W15,3137,W,15,W
2002,W16,3313,W,16,W
2002,X01,3328,W,1,X
2002,X02,3390,W,2,X
2002,X03,3160,W,3,X
2002,X04,3403,W,4,X
2002,X05,3130,W,5,X
2002,X06,3261,W,6,X
2002,X07,3161,W,7,X
2002,X08,3337,W,8,X
2002,X09,3437,W,9,X
2002,X10,3408,W,10,X
2002,X11,3365,W,11,X
2002,X12,3280,W,12,X
2002,X13,3372,W,13,X
2002,X14,3380,W,14,X
2002,X15,3451,W,15,X
2002,X16,3216,W,16,X
2002,Y01,3163,W,1,Y
2002,Y02,3345,W,2,Y
2002,Y03,3243,W,3,Y
2002,Y04,3336,W,4,Y
2002,Y05,3198,W,5,Y
2002,Y06,3116,W,6,Y
2002,Y07,3330,W,7,Y
2002,Y08,3438,W,8,Y
2002,Y09,3234,W,9,Y
2002,Y10,3208,W,10,Y
2002,Y11,3155,W,11,Y
2002,Y12,3166,W,12,Y
2002,Y13,3151,W,13,Y
2002,Y14,3245,W,14,Y
2002,Y15,3122,W,15,Y
2002,Y16,3384,W,16,Y
2002,Z01,3435,W,1,Z
2002,Z02,3397,W,2,Z
2002,Z03,3235,W,3,Z
2002,Z04,3314,W,4,Z
2002,Z05,3278,W,5,Z
2002,Z06,3196,W,6,Z
2002,Z07,3323,W,7,Z
2002,Z08,3458,W,8,Z
2002,Z09,3113,W,9,Z
2002,Z10,3307,W,10,Z
2002,Z11,3140,W,11,Z
2002,Z12,3424,W,12,Z
2002,Z13,3217,W,13,Z
2002,Z14,3396,W,14,Z
2002,Z15,3209,W,15,Z
2002,Z16,3324,W,16,Z
2003,W01,3163,W,1,W
2003,W02,3345,W,2,W
2003,W03,3243,W,3,W
2003,W04,3435,W,4,W
2003,W05,3130,W,5,W
2003,W06,3112,W,6,W
2003,W07,3439,W,7,W
2003,W08,3277,W,8,W
2003,W09,3395,W,9,W
2003,W10,3210,W,10,W
2003,W11,3323,W,11,W
2003,W12,3330,W,12,W
2003,W13,3251,W,13,W
2003,W14,3217,W,14,W
2003,W15,3434,W,15,W
2003,W16,3131,W,16,W
2003,X01,3261,W,1,X
2003,X02,3400,W,2,X
2003,X03,3390,W,3,X
2003,X04,3326,W,4,X
2003,X05,3256,W,5,X
2003,X06,3278,W,6,X
2003,X07,3116,W,7,X
2003,X08,3453,W,8,X
2003,X09,3449,W,9,X
2003,X10,3153,W,10,X
2003,X11,3408,W,11,X
2003,X12,3337,W,12,X
2003,X13,3451,W,13,X
2003,X14,3444,W,14,X
2003,X15,3214,W,15,X
2003,X16,3402,W,16,X
2003,Y01,3397,W,1,Y
2003,Y02,3437,W,2,Y
2003,Y03,3314,W,3,Y
2003,Y04,3336,W,4,Y
2003,Y05,3376,W,5,Y
2003,Y06,3160,W,6,Y
2003,Y07,3203,W,7,Y
2003,Y08,3438,W,8,Y
2003,Y09,3228,W,9,Y
2003,Y10,3328,W,10,Y
2003,Y11,3140,W,11,Y
2003,Y12,3151,W,12,Y
2003,Y13,3221,W,13,Y
2003,Y14,3122,W,14,Y
2003,Y15,3384,W,15,Y
2003,Y16,3106,W,16,Y
2003,Z01,3181,W,1,Z
2003,Z02,3403,W,2,Z
2003,Z03,3280,W,3,Z
2003,Z04,3353,W,4,Z
2003,Z05,3208,W,5,Z
2003,Z06,3307,W,6,Z
2003,Z07,3364,W,7,Z
2003,Z08,3428,W,8,Z
2003,Z09,3177,W,9,Z
2003,Z10,3462,W,10,Z
2003,Z11,3274,W,11,Z
2003,Z12,3150,W,12,Z
2003,Z13,3443,W,13,Z
2003,Z14,3264,W,14,Z
2003,Z15,3283,W,15,Z
2003,Z16,3209,W,16,Z
2004,W01,3336,W,1,W
2004,W02,3163,W,2,W
2004,W03,3222,W,3,W
2004,W04,3314,W,4,W
2004,W05,3323,W,5,W
2004,W06,3160,W,6,W
2004,W07,3120,W,7,W
2004,W08,3439,W,8,W
2004,W09,3234,W,9,W
2004,W10,3301,W,10,W
2004,W11,3364,W,11,W
2004,W12,3283,W,12,W
2004,W13,3292,W,13,W
2004,W14,3453,W,14,W
2004,W15,3335,W,15,W
2004,W16,3214,W,16,W
2004,X01,3181,W,1,X
2004,X02,3243,W,2,X
2004,X03,3130,W,3,X
2004,X04,3403,W,4,X
2004,X05,3256,W,5,X
2004,X06,3326,W,6,X
2004,X07,3278,W,7,X
2004,X08,3330,W,8,X
2004,X09,3266,W,9,X
2004,X10,3417,W,10,X
2004,X11,3452,W,11,X
2004,X12,3285,W,12,X
2004,X13,3263,W,13,X
2004,X14,3185,W,14,X
2004,X15,3434,W,15,X
2004,X16,3322,W,16,X
2004,Y01,3397,W,1,Y
2004,Y02,3435,W,2,Y
2004,Y03,3328,W,3,Y
2004,Y04,3124,W,4,Y
2004,Y05,3196,W,5,Y
2004,Y06,3390,W,6,Y
2004,Y07,3353,W,7,Y
2004,Y08,3203,W,8,Y
2004,Y09,3177,W,9,Y
2004,Y10,3151,W,10,Y
2004,Y11,3281,W,11,Y
2004,Y12,3307,W,12,Y
2004,Y13,3258,W,13,Y
2004,Y14,3265,W,14,Y
2004,Y15,3252,W,15,Y
2004,Y16,3159,W,16,Y
2004,Z01,3400,W,1,Z
2004,Z02,3345,W,2,Z
2004,Z03,3208,W,3,Z
2004,Z04,3261,W,4,Z
2004,Z05,3274,W,5,Z
2004,Z06,3395,W,6,Z
2004,Z07,3437,W,7,Z
2004,Z08,3277,W,8,Z
2004,Z09,3112,W,9,Z
2004,Z10,3279,W,10,Z
2004,Z11,3396,W,11,Z
2004,Z12,3268,W,12,Z
2004,Z13,3122,W,13,Z
2004,Z14,3251,W,14,Z
2004,Z15,3384,W,15,Z
2004,Z16,3380,W,16,Z
2005,W01,3261,W,1,W
2005,W02,3181,W,2,W
2005,W03,3400,W,3,W
2005,W04,3336,W,4,W
2005,W05,3177,W,5,W
2005,W06,3208,W,6,W
2005,W07,3130,W,7,W
2005,W08,3328,W,8,W
2005,W09,3112,W,9,W
2005,W10,3222,W,10,W
2005,W11,3349,W,11,W
2005,W12,3439,W,12,W
2005,W13,3251,W,13,W
2005,W14,3331,W,14,W
2005,W15,3145,W,15,W
2005,W16,3391,W,16,W
2005,X01,3314,W,1,X
2005,X02,3124,W,2,X
2005,X03,3278,W,3,X
2005,X04,3323,W,4,X
2005,X05,3113,W,5,X
2005,X06,3438,W,6,X
2005,X07,3395,W,7,X
2005,X08,3279,W,8,X
2005,X09,3203,W,9,X
2005,X10,3332,W,10,X
2005,X11,3330,W,11,X
2005,X12,3184,W,12,X
2005,X13,3364,W,13,X
2005,X14,3384,W,14,X
2005,X15,3229,W,15,X
2005,X16,3164,W,16,X
2005,Y01,3277,W,1,Y
2005,Y02,3390,W,2,Y
2005,Y03,3163,W,3,Y
2005,Y04,3243,W,4,Y
2005,Y05,3435,W,5,Y
2005,Y06,3199,W,6,Y
2005,Y07,3235,W,7,Y
2005,Y08,3425,W,8,Y
2005,Y09,3257,W,9,Y
2005,Y10,3428,W,10,Y
2005,Y11,3350,W,11,Y
2005,Y12,3285,W,12,Y
2005,Y13,3132,W,13,Y
2005,Y14,3171,W,14,Y
2005,Y15,3365,W,15,Y
2005,Y16,3108,W,16,Y
2005,Z01,3397,W,1,Z
2005,Z02,3326,W,2,Z
2005,Z03,3353,W,3,Z
2005,Z04,3403,W,4,Z
2005,Z05,3301,W,5,Z
2005,Z06,3396,W,6,Z
2005,Z07,3268,W,7,Z
2005,Z08,3307,W,8,Z
2005,Z09,3345,W,9,Z
2005,Z10,3453,W,10,Z
2005,Z11,3256,W,11,Z
2005,Z12,3292,W,12,Z
2005,Z13,3426,W,13,Z
2005,Z14,3216,W,14,Z
2005,Z15,3221,W,15,Z
2005,Z16,3441,W,16,Z
2006,W01,3326,W,1,W
2006,W02,3268,W,2,W
2006,W03,3124,W,3,W
2006,W04,3113,W,4,W
2006,W05,3428,W,5,W
2006,W06,3196,W,6,W
2006,W07,3385,W,7,W
2006,W08,3130,W,8,W
2006,W09,3323,W,9,W
2006,W10,3143,W,10,W
2006,W11,3307,W,11,W
2006,W12,3292,W,12,W
2006,W13,3372,W,13,W
2006,W14,3319,W,14,W
2006,W15,3357,W,15,W
2006,W16,3324,W,16,W
2006,X01,3314,W,1,X
2006,X02,3397,W,2,X
2006,X03,3353,W,3,X
2006,X04,3345,W,4,X
2006,X05,3417,W,5,X
2006,X06,3401,W,6,X
2006,X07,3203,W,7,X
2006,X08,3435,W,8,X
2006,X09,3257,W,9,X
2006,X10,3330,W,10,X
2006,X11,3395,W,11,X
2006,X12,3132,W,12,X
2006,X13,3283,W,13,X
2006,X14,3171,W,14,X
2006,X15,3119,W,15,X
2006,X16,3415,W,16,X
2006,Y01,3181,W,1,Y
2006,Y02,3163,W,2,Y
2006,Y03,3208,W,3,Y
2006,Y04,3277,W,4,Y
2006,Y05,3246,W,5,Y
2006,Y06,3396,W,6,Y
2006,Y07,3439,W,7,Y
2006,Y08,3425,W,8,Y
2006,Y09,3378,W,9,Y
2006,Y10,3281,W,10,Y
2006,Y11,3216,W,11,Y
2006,Y12,3151,W,12,Y
2006,Y13,3454,W,13,Y
2006,Y14,3265,W,14,Y
2006,Y15,3164,W,15,Y
2006,Y16,3380,W,16,Y
2006,Z01,3261,W,1,Z
2006,Z02,3328,W,2,Z
2006,Z03,3390,W,3,Z
2006,Z04,3177,W,4,Z
2006,Z05,3301,W,5,Z
2006,Z06,3199,W,6,Z
2006,Z07,3140,W,7,Z
2006,Z08,3278,W,8,Z
2006,Z09,3449,W,9,Z
2006,Z10,3234,W,10,Z
2006,Z11,3256,W,11,Z
2006,Z12,3409,W,12,Z
2006,Z13,3251,W,13,Z
2006,Z14,3369,W,14,Z
2006,Z15,3337,W,15,Z
2006,Z16,3194,W,16,Z
2007,W01,3314,W,1,W
2007,W02,3345,W,2,W
2007,W03,3208,W,3,W
2007,W04,3401,W,4,W
2007,W05,3203,W,5,W
2007,W06,3235,W,6,W
2007,W07,3210,W,7,W
2007,W08,3143,W,8,W
2007,W09,3323,W,9,W
2007,W10,3177,W,10,W
2007,W11,3449,W,11,W
2007,W12,3129,W,12,W
2007,W13,3426,W,13,W
2007,W14,3125,W,14,W
2007,W15,3331,W,15,W
2007,W16,3341,W,16,W
2007,X01,3397,W,1,X
2007,X02,3268,W,2,X
2007,X03,3328,W,3,X
2007,X04,3326,W,4,X
2007,X05,3292,W,5,X
2007,X06,3266,W,6,X
2007,X07,3279,W,7,X
2007,X08,3338,W,8,X
2007,X09,3241,W,9,X
2007,X10,3395,W,10,X
2007,X11,3418,W,11,X
2007,X12,3211,W,12,X
2007,X13,3265,W,13,X
2007,X14,3369,W,14,X
2007,X15,3217,W,15,X
2007,X16,3179,W,16,X
2007,Y01,3163,W,1,Y
2007,Y02,3390,W,2,Y
2007,Y03,3261,W,3,Y
2007,Y04,3301,W,4,Y
2007,Y05,3124,W,5,Y
2007,Y06,3462,W,6,Y
2007,Y07,3330,W,7,Y
2007,Y08,3307,W,8,Y
2007,Y09,3453,W,9,Y
2007,Y10,3199,W,10,Y
2007,Y11,3452,W,11,Y
2007,Y12,3151,W,12,Y
2007,Y13,3352,W,13,Y
2007,Y14,3421,W,14,Y
2007,Y15,3226,W,15,Y
2007,Y16,3420,W,16,Y
2007,Z01,3181,W,1,Z
2007,Z02,3435,W,2,Z
2007,Z03,3113,W,3,Z
2007,Z04,3353,W,4,Z
2007,Z05,3277,W,5,Z
2007,Z06,3257,W,6,Z
2007,Z07,3132,W,7,Z
2007,Z08,3396,W,8,Z
2007,Z09,3304,W,9,Z
2007,Z10,3329,W,10,Z
2007,Z11,3140,W,11,Z
2007,Z12,3174,W,12,Z
2007,Z13,3187,W,13,Z
2007,Z14,3415,W,14,Z
2007,Z15,3175,W,15,Z
2007,Z16,3221,W,16,Z
2008,W01,3163,W,1,W
2008,W02,3353,W,2,W
2008,W03,3143,W,3,W
2008,W04,3438,W,4,W
2008,W05,3330,W,5,W
2008,W06,3203,W,6,W
2008,W07,3235,W,7,W
2008,W08,3400,W,8,W
2008,W09,3278,W,9,W
2008,W10,3210,W,10,W
2008,W11,3120,W,11,W
2008,W12,3251,W,12,W
2008,W13,3364,W,13,W
2008,W14,3360,W,14,W
2008,W15,3352,W,15,W
2008,W16,3165,W,16,W
2008,X01,3268,W,1,X
2008,X02,3390,W,2,X
2008,X03,3124,W,3,X
2008,X04,3435,W,4,X
2008,X05,3452,W,5,X
2008,X06,3338,W,6,X
2008,X07,3431,W,7,X
2008,X08,3304,W,8,X
2008,X09,3462,W,9,X
2008,X10,3443,W,10,X
2008,X11,3461,W,11,X
2008,X12,3307,W,12,X
2008,X13,3285,W,13,X
2008,X14,3201,W,14,X
2008,X15,3156,W,15,X
2008,X16,3164,W,16,X
2008,Y01,3314,W,1,Y
2008,Y02,3261,W,2,Y
2008,Y03,3329,W,3,Y
2008,Y04,3257,W,4,Y
2008,Y05,3243,W,5,Y
2008,Y06,3326,W,6,Y
2008,Y07,3265,W,7,Y
2008,Y08,3208,W,8,Y
2008,Y09,3234,W,9,Y
2008,Y10,3177,W,10,Y
2008,Y11,3199,W,11,Y
2008,Y12,3151,W,12,Y
2008,Y13,3275,W,13,Y
2008,Y14,3190,W,14,Y
2008,Y15,3238,W,15,Y
2008,Y16,3137,W,16,Y
2008,Z01,3397,W,1,Z
2008,Z02,3401,W,2,Z
2008,Z03,3181,W,3,Z
2008,Z04,3328,W,4,Z
2008,Z05,3323,W,5,Z
2008,Z06,3113,W,6,Z
2008,Z07,3393,W,7,Z
2008,Z08,3428,W,8,Z
2008,Z09,3345,W,9,Z
2008,Z10,3216,W,10,Z
2008,Z11,3396,W,11,Z
2008,Z12,3374,W,12,Z
2008,Z13,3229,W,13,Z
2008,Z14,3293,W,14,Z
2008,Z15,3427,W,15,Z
2008,Z16,3331,W,16,Z
2009,W01,3181,W,1,W
2009,W02,3390,W,2,W
2009,W03,3326,W,3,W
2009,W04,3235,W,4,W
2009,W05,3397,W,5,W
2009,W06,3400,W,6,W
2009,W07,3177,W,7,W
2009,W08,3292,W,8,W
2009,W09,3277,W,9,W
2009,W10,3361,W,10,W
2009,W11,3280,W,11,W
2009,W12,3123,W,12,W
2009,W13,3190,W,13,W
2009,W14,3357,W,14,W
2009,W15,3364,W,15,W
2009,W16,3122,W,16,W
2009,X01,3163,W,1,X
2009,X02,3401,W,2,X
2009,X03,3199,W,3,X
2009,X04,3143,W,4,X
2009,X05,3438,W,5,X
2009,X06,3113,W,6,X
2009,X07,3323,W,7,X
2009,X08,3196,W,8,X
2009,X09,3396,W,9,X
2009,X10,3278,W,10,X
2009,X11,3208,W,11,X
2009,X12,3265,W,12,X
2009,X13,3201,W,13,X
2009,X14,3299,W,14,X
2009,X15,3191,W,15,X
2009,X16,3436,W,16,X
2009,Y01,3328,W,1,Y
2009,Y02,3120,W,2,Y
2009,Y03,3314,W,3,Y
2009,Y04,3338,W,4,Y
2009,Y05,3462,W,5,Y
2009,Y06,3345,W,6,Y
2009,Y07,3353,W,7,Y
2009,Y08,3234,W,8,Y
2009,Y09,3210,W,9,Y
2009,Y10,3433,W,10,Y
2009,Y11,3150,W,11,Y
2009,Y12,3211,W,12,Y
2009,Y13,3285,W,13,Y
2009,Y14,3416,W,14,Y
2009,Y15,3250,W,15,Y
2009,Y16,3341,W,16,Y
2009,Z01,3268,W,1,Z
2009,Z02,3124,W,2,Z
2009,Z03,3257,W,3,Z
2009,Z04,3435,W,4,Z
2009,Z05,3243,W,5,Z
2009,Z06,3261,W,6,Z
2009,Z07,3355,W,7,Z
2009,Z08,3437,W,8,Z
2009,Z09,3428,W,9,Z
2009,Z10,3395,W,10,Z
2009,Z11,3453,W,11,Z
2009,Z12,3180,W,12,Z
2009,Z13,3441,W,13,Z
2009,Z14,3251,W,14,Z
2009,Z15,3427,W,15,Z
2009,Z16,3171,W,16,Z
2010,W01,3163,W,1,W
2010,W02,3326,W,2,W
2010,W03,3199,W,3,W
2010,W04,3235,W,4,W
2010,W05,3438,W,5,W
2010,W06,3385,W,6,W
2010,W07,3280,W,7,W
2010,W08,3396,W,8,W
2010,W09,3241,W,9,W
2010,W10,3292,W,10,W
2010,W11,3343,W,11,W
2010,W12,3453,W,12,W
2010,W13,3250,W,13,W
2010,W14,3256,W,14,W
2010,W15,3384,W,15,W
2010,W16,3380,W,16,W
2010,X01,3397,W,1,X
2010,X02,3181,W,2,X
2010,X03,3452,W,3,X
2010,X04,3124,W,4,X
2010,X05,3207,W,5,X
2010,X06,3400,W,6,X
2010,X07,3261,W,7,X
2010,X08,3173,W,8,X
2010,X09,3395,W,9,X
2010,X10,3216,W,10,X
2010,X11,3361,W,11,X
2010,X12,3265,W,12,X
2010,X13,3201,W,13,X
2010,X14,3249,W,14,X
2010,X15,3214,W,15,X
2010,X16,3122,W,16,X
2010,Y01,3304,W,1,Y
2010,Y02,3323,W,2,Y
2010,Y03,3328,W,3,Y
2010,Y04,3246,W,4,Y
2010,Y05,3277,W,5,Y
2010,Y06,3210,W,6,Y
2010,Y07,3458,W,7,Y
2010,Y08,3417,W,8,Y
2010,Y09,3301,W,9,Y
2010,Y10,3436,W,10,Y
2010,Y11,3114,W,11,Y
2010,Y12,3132,W,12,Y
2010,Y13,3251,W,13,Y
2010,Y14,3355,W,14,Y
2010,Y15,3156,W,15,Y
2010,Y16,3320,W,16,Y
2010,Z01,3390,W,1,Z
2010,Z02,3401,W,2,Z
2010,Z03,3462,W,3,Z
2010,Z04,3329,W,4,Z
2010,Z05,3208,W,5,Z
2010,Z06,3435,W,6,Z
2010,Z07,3211,W,7,Z
2010,Z08,3234,W,8,Z
2010,Z09,3353,W,9,Z
2010,Z10,3314,W,10,Z
2010,Z11,3177,W,11,Z
2010,Z12,3408,W,12,Z
2010,Z13,3151,W,13,Z
2010,Z14,3190,W,14,Z
2010,Z15,3340,W,15,Z
2010,Z16,3415,W,16,Z
2011,W01,3124,W,1,W
2011,W02,3401,W,2,W
2011,W03,3199,W,3,W
2011,W04,3277,W,4,W
2011,W05,3453,W,5,W
2011,W06,3208,W,6,W
2011,W07,3353,W,7,W
2011,W08,3222,W,8,W
2011,W09,3452,W,9,W
2011,W10,3256,W,10,W
2011,W11,3292,W,11,W
2011,W12,3114,W,12,W
2011,W13,3320,W,13,W
2011,W14,3359,W,14,W
2011,W15,3270,W,15,W
2011,W16,3341,W,16,W
2011,X01,3390,W,1,X
2011,X02,3462,W,2,X
2011,X03,3417,W,3,X
2011,X04,3246,W,4,X
2011,X05,3314,W,5,X
2011,X06,3234,W,6,X
2011,X07,3257,W,7,X
2011,X08,3403,W,8,X
2011,X09,3385,W,9,X
2011,X10,3435,W,10,X
2011,X11,3211,W,11,X
2011,X12,3201,W,12,X
2011,X13,3214,W,13,X
2011,X14,3285,W,14,X
2011,X15,3355,W,15,X
2011,X16,3413,W,16,X
2011,Y01,3397,W,1,Y
2011,Y02,3323,W,2,Y
2011,Y03,3274,W,3,Y
2011,Y04,3326,W,4,Y
2011,Y05,3210,W,5,Y
2011,Y06,3328,W,6,Y
2011,Y07,3113,W,7,Y
2011,Y08,3266,W,8,Y
2011,Y09,3400,W,9,Y
2011,Y10,3396,W,10,Y
2011,Y11,3241,W,11,Y
2011,Y12,3132,W,12,Y
2011,Y13,3416,W,13,Y
2011,Y14,3205,W,14,Y
2011,Y15,3428,W,15,Y
2011,Y16,3391,W,16,Y
2011,Z01,3163,W,1,Z
2011,Z02,3181,W,2,Z
2011,Z03,3177,W,3,Z
2011,Z04,3268,W,4,Z
2011,Z05,3207,W,5,Z
2011,Z06,3336,W,6,Z
2011,Z07,3235,W,7,Z
2011,Z08,3243,W,8,Z
2011,Z09,3345,W,9,Z
2011,Z10,3265,W,10,Z
2011,Z11,3173,W,11,Z
2011,Z12,3343,W,12,Z
2011,Z13,3384,W,13,Z
2011,Z14,3298,W,14,Z
2011,Z15,3404,W,15,Z
2011,Z16,3216,W,16,Z
2012,W01,3124,W,1,W
2012,W02,3397,W,2,W
2012,W03,3174,W,3,W
2012,W04,3210,W,4,W
2012,W05,3207,W,5,W
2012,W06,3304,W,6,W
2012,W07,3177,W,7,W
2012,W08,3326,W,8,W
2012,W09,3196,W,9,W
2012,W10,3140,W,10,W
2012,W11,3242,W,11,W
2012,W12,3201,W,12,W
2012,W13,3357,W,13,W
2012,W14,3114,W,14,W
2012,W15,3404,W,15,W
2012,W16,3364,W,16,W
2012,X01,3390,W,1,X
2012,X02,3181,W,2,X
2012,X03,3385,W,3,X
2012,X04,3345,W,4,X
2012,X05,3376,W,5,X
2012,X06,3328,W,6,X
2012,X07,3435,W,7,X
2012,X08,3452,W,8,X
2012,X09,3400,W,9,X
2012,X10,3292,W,10,X
2012,X11,3276,W,11,X
2012,X12,3185,W,12,X
2012,X13,3355,W,13,X
2012,X14,3166,W,14,X
2012,X15,3359,W,15,X
2012,X16,3214,W,16,X
2012,Y01,3163,W,1,Y
2012,Y02,3246,W,2,Y
2012,Y03,3274,W,3,Y
2012,Y04,3336,W,4,Y
2012,Y05,3261,W,5,Y
2012,Y06,3353,W,6,Y
2012,Y07,3453,W,7,Y
2012,Y08,3243,W,8,Y
2012,Y09,3343,W,9,Y
2012,Y10,3235,W,10,Y
2012,Y11,3211,W,11,Y
2012,Y12,3361,W,12,Y
2012,Y13,3431,W,13,Y
2012,Y14,3226,W,14,Y
2012,Y15,3270,W,15,Y
2012,Y16,3341,W,16,Y
2012,Z01,3323,W,1,Z
2012,Z02,3268,W,2,Z
2012,Z03,3401,W,3,Z
2012,Z04,3208,W,4,Z
2012,Z05,3382,W,5,Z
2012,Z06,3116,W,6,Z
2012,Z07,3257,W,7,Z
2012,Z08,3143,W,8,Z
2012,Z09,3234,W,9,Z
2012,Z10,3277,W,10,Z
2012,Z11,3173,W,11,Z
2012,Z12,3195,W,12,Z
2012,Z13,3265,W,13,Z
2012,Z14,3107,W,14,Z
2012,Z15,3298,W,15,Z
2012,Z16,3251,W,16,Z
2013,W01,3163,W,1,W
2013,W02,3246,W,2,W
2013,W03,3314,W,3,W
2013,W04,3268,W,4,W
2013,W05,3277,W,5,W
2013,W06,3174,W,6,W
2013,W07,3173,W,7,W
2013,W08,3435,W,8,W
2013,W09,3386,W,9,W
2013,W10,3385,W,10,W
2013,W11,3452,W,11,W
2013,W12,3265,W,12,W
2013,W13,3346,W,13,W
2013,W14,3107,W,14,W
2013,W15,3298,W,15,W
2013,W16,3225,W,16,W
2013,X01,3323,W,1,X
2013,X02,3181,W,2,X
2013,X03,3401,W,3,X
2013,X04,3376,W,4,X
2013,X05,3160,W,5,X
2013,X06,3304,W,6,X
2013,X07,3329,W,7,X
2013,X08,3274,W,8,X
2013,X09,3234,W,9,X
2013,X10,3177,W,10,X
2013,X11,3151,W,11,X
2013,X12,3242,W,12,X
2013,X13,3355,W,13,X
2013,X14,3455,W,14,X
2013,X15,3214,W,15,X
2013,X16,3404,W,16,X
2013,Y01,3124,W,1,Y
2013,Y02,3397,W,2,Y
2013,Y03,3417,W,3,Y
2013,Y04,3345,W,4,Y
2013,Y05,3257,W,5,Y
2013,Y06,3328,W,6,Y
2013,Y07,3393,W,7,Y
2013,Y08,3199,W,8,Y
2013,Y09,3343,W,9,Y
2013,Y10,3166,W,10,Y
2013,Y11,3141,W,11,Y
2013,Y12,3292,W,12,Y
2013,Y13,3251,W,13,Y
2013,Y14,3391,W,14,Y
2013,Y15,3331,W,15,Y
2013,Y16,3341,W,16,Y
2013,Z01,3390,W,1,Z
2013,Z02,3143,W,2,Z
2013,Z03,3336,W,3,Z
2013,Z04,3208,W,4,Z
2013,Z05,3235,W,5,Z
2013,Z06,3261,W,6,Z
2013,Z07,3403,W,7,Z
2013,Z08,3276,W,8,Z
2013,Z09,3437,W,9,Z
2013,Z10,3378,W,10,Z
2013,Z11,3453,W,11,Z
2013,Z12,3211,W,12,Z
2013,Z13,3285,W,13,Z
2013,Z14,3142,W,14,Z
2013,Z15,3201,W,15,Z
2013,Z16,3409,W,16,Z
2014,W01,3163,W,1,W
2014,W02,3181,W,2,W
2014,W03,3401,W,3,W
2014,W04,3304,W,4,W
2014,W05,3301,W,5,W
2014,W06,3211,W,6,W
2014,W07,3177,W,7,W
2014,W08,3208,W,8,W
2014,W09,3386,W,9,W
2014,W10,3328,W,10,W
2014,W11,3241,W,11,W
2014,W12,3140,W,12,W
2014,W13,3201,W,13,W
2014,W14,3315,W,14,W
2014,W15,3457,W,15,W
2014,W16,3341,W,16,W
2014,X01,3376,W,1,X
2014,X02,3390,W,2,X
2014,X03,3336,W,3,X
2014,X04,3314,W,4,X
2014,X05,3277,W,5,X
2014,X06,3173,W,6,X
2014,X07,3235,W,7,X
2014,X08,3292,W,8,X
2014,X09,3333,W,9,X
2014,X10,3199,W,10,X
2014,X11,3196,W,11,X
2014,X12,3214,W,12,X
2014,X13,3404,W,13,X
2014,X14,3455,W,14,X
2014,X15,3377,W,15,X
2014,X16,3169,W,16,X
2014,Y01,3397,W,1,Y
2014,Y02,3452,W,2,Y
2014,Y03,3257,W,3,Y
2014,Y04,3268,W,4,Y
2014,Y05,3400,W,5,Y
2014,Y06,3234,W,6,Y
2014,Y07,3261,W,7,Y
2014,Y08,3385,W,8,Y
2014,Y09,3425,W,9,Y
2014,Y10,3210,W,10,Y
2014,Y11,3265,W,11,Y
2014,Y12,3335,W,12,Y
2014,Y13,3119,W,13,Y
2014,Y14,3225,W,14,Y
2014,Y15,3107,W,15,Y
2014,Y16,3322,W,16,Y
2014,Z01,3323,W,1,Z
2014,Z02,3124,W,2,Z
2014,Z03,3246,W,3,Z
2014,Z04,3345,W,4,Z
2014,Z05,3329,W,5,Z
2014,Z06,3393,W,6,Z
2014,Z07,3143,W,7,Z
2014,Z08,3435,W,8,Z
2014,Z09,3113,W,9,Z
2014,Z10,3200,W,10,Z
2014,Z11,3151,W,11,Z
2014,Z12,3195,W,12,Z
2014,Z13,3103,W,13,Z
2014,Z14,3460,W,14,Z
2014,Z15,3443,W,15,Z
2014,Z16,3352,W,16,Z
2015,W01,3163,W,1,W
2015,W02,3246,W,2,W
2015,W03,3257,W,3,W
2015,W04,3143,W,4,W
2015,W05,3400,W,5,W
2015,W06,3378,W,6,W
2015,W07,3173,W,7,W
2015,W08,3353,W,8,W
2015,W09,3371,W,9,W
2015,W10,3235,W,10,W
2015,W11,3261,W,11,W
2015,W12,3443,W,12,W
2015,W13,3455,W,13,W
2015,W14,3140,W,14,W
2015,W15,3398,W,15,W
2015,W16,3383,W,16,W
2015,X01,3268,W,1,X
2015,X02,3397,W,2,X
2015,X03,3333,W,3,X
2015,X04,3181,W,4,X
2015,X05,3280,W,5,X
2015,X06,3203,W,6,X
2015,X07,3151,W,7,X
2015,X08,3343,W,8,X
2015,X09,3453,W,9,X
2015,X10,3338,W,10,X
2015,X11,3211,W,11,X
2015,X12,3408,W,12,X
2015,X13,3107,W,13,X
2015,X14,3355,W,14,X
2015,X15,3129,W,15,X
2015,X16,3308,W,16,X
2015,Y01,3376,W,1,Y
2015,Y02,3199,W,2,Y
2015,Y03,3113,W,3,Y
2015,Y04,3314,W,4,Y
2015,Y05,3326,W,5,Y
2015,Y06,3401,W,6,Y
2015,Y07,3195,W,7,Y
2015,Y08,3393,W,8,Y
2015,Y09,3304,W,9,Y
2015,Y10,3329,W,10,Y
2015,Y11,3114,W,11,Y
2015,Y12,3241,W,12,Y
2015,Y13,3251,W,13,Y
2015,Y14,3325,W,14,Y
2015,Y15,3106,W,15,Y
2015,Y16,3366,W,16,Y
2015,Z01,3323,W,1,Z
2015,Z02,3124,W,2,Z
2015,Z03,3234,W,3,Z
2015,Z04,3390,W,4,Z
2015,Z05,3328,W,5,Z
2015,Z06,3449,W,6,Z
2015,Z07,3321,W,7,Z
2015,Z08,3278,W,8,Z
2015,Z09,3177,W,9,Z
2015,Z10,3116,W,10,Z
2015,Z11,3274,W,11,Z
2015,Z12,3346,W,12,Z
2015,Z13,3169,W,13,Z
2015,Z14,3110,W,14,Z
2015,Z15,3322,W,15,Z
2015,Z16,3285,W,16,Z
2016,W01,3163,W,1,W
2016,W02,3400,W,2,W
2016,W03,3417,W,3,W
2016,W04,3277,W,4,W
2016,W05,3280,W,5,W
2016,W06,3378,W,6,W
2016,W07,3140,W,7,W
2016,W08,3371,W,8,W
2016,W09,3182,W,9,W
2016,W10,3281,W,10,W
2016,W11,3161,W,11,W
2016,W12,3151,W,12,W
2016,W13,3125,W,13,W
2016,W14,3218,W,14,W
2016,W15,3106,W,15,W
2016,W16,3352,W,16,W
2016,X01,3124,W,1,X
2016,X02,3333,W,2,X
2016,X03,3257,W,3,X
2016,X04,3401,W,4,X
2016,X05,3199,W,5,X
2016,X06,3177,W,6,X
2016,X07,3329,W,7,X
2016,X08,3385,W,8,X
2016,X09,3120,W,9,X
2016,X10,3382,W,10,X
2016,X11,3241,W,11,X
2016,X12,3292,W,12,X
2016,X13,3283,W,13,X
2016,X14,3146,W,14,X
2016,X15,3407,W,15,X
2016,X16,3225,W,16,X
2016,Y01,3323,W,1,Y
2016,Y02,3268,W,2,Y
2016,Y03,3246,W,3,Y
2016,Y04,3390,W,4,Y
2016,Y05,3274,W,5,Y
2016,Y06,3328,W,6,Y
2016,Y07,3449,W,7,Y
2016,Y08,3208,W,8,Y
2016,Y09,3231,W,9,Y
2016,Y10,3335,W,10,Y
2016,Y11,3345,W,11,Y
2016,Y12,3355,W,12,Y
2016,Y13,3362,W,13,Y
2016,Y14,3421,W,14,Y
2016,Y15,3233,W,15,Y
2016,Y16,3299,W,16,Y
2016,Z01,3376,W,1,Z
2016,Z02,3113,W,2,Z
2016,Z03,3326,W,3,Z
2016,Z04,3393,W,4,Z
2016,Z05,3196,W,5,Z
2016,Z06,3452,W,6,Z
2016,Z07,3397,W,7,Z
2016,Z08,3203,W,8,Z
2016,Z09,3243,W,9,Z
2016,Z10,3453,W,10,Z
2016,Z11,3343,W,11,Z
2016,Z12,3107,W,12,Z
2016,Z13,3119,W,13,Z
2016,Z14,3138,W,14,Z
2016,Z15,3308,W,15,Z
2016,Z16,3239,W,16,Z
2017,W01,3163,W,1,W
2017,W02,3181,W,2,W
2017,W03,3268,W,3,W
2017,W04,3417,W,4,W
2017,W05,3401,W,5,W
2017,W06,3452,W,6,W
2017,W07,3396,W,7,W
2017,W08,3393,W,8,W
2017,W09,3235,W,9,W
2017,W10,3332,W,10,W
2017,W11,3189,W,11,W
2017,W12,3335,W,12,W
2017,W13,3129,W,13,W
2017,W14,3137,W,14,W
2017,W15,3214,W,15,W
2017,W16,3107,W,16,W
2017,X01,3124,W,1,X
2017,X02,3280,W,2,X
2017,X03,3449,W,3,X
2017,X04,3257,W,4,X
2017,X05,3397,W,5,X
2017,X06,3328,W,6,X
2017,X07,3177,W,7,X
2017,X08,3261,W,8,X
2017,X09,3143,W,9,X
2017,X10,3320,W,10,X
2017,X11,3211,W,11,X
2017,X12,3173,W,12,X
2017,X13,3151,W,13,X
2017,X14,3286,W,14,X
2017,X15,3407,W,15,X
2017,X16,3411,W,16,X
2017,Y01,3323,W,1,Y
2017,Y02,3390,W,2,Y
2017,Y03,3400,W,3,Y
2017,Y04,3246,W,4,Y
2017,Y05,3326,W,5,Y
2017,Y06,3301,W,6,Y
2017,Y07,3243,W,7,Y
2017,Y08,3453,W,8,Y
2017,Y09,3345,W,9,Y
2017,Y10,3179,W,10,Y
2017,Y11,3120,W,11,Y
2017,Y12,3443,W,12,Y
2017,Y13,3125,W,13,Y
2017,Y14,3146,W,14,Y
2017,Y15,3308,W,15,Y
2017,Y16,3352,W,16,Y
2017,Z01,3376,W,1,Z
2017,Z02,3333,W,2,Z
2017,Z03,3199,W,3,Z
2017,Z04,3274,W,4,Z
2017,Z05,3266,W,5,Z
2017,Z06,3281,W,6,Z
2017,Z07,3166,W,7,Z
2017,Z08,3113,W,8,Z
2017,Z09,3277,W,9,Z
2017,Z10,3405,W,10,Z
2017,Z11,3378,W,11,Z
2017,Z12,3346,W,12,Z
2017,Z13,3195,W,13,Z
2017,Z14,3442,W,14,Z
2017,Z15,3253,W,15,Z
2017,Z16,3421,W,16,Z
2018,W01,3163,W,1,W
2018,W02,3376,W,2,W
2018,W03,3199,W,3,W
2018,W04,3208,W,4,W
2018,W05,3181,W,5,W
2018,W06,3378,W,6,W
2018,W07,3143,W,7,W
2018,W08,3274,W,8,W
2018,W09,3346,W,9,W
2018,W10,3438,W,10,W
2018,W11,3138,W,11,W
2018,W12,3125,W,12,W
2018,W13,3273,W,13,W
2018,W14,3114,W,14,W
2018,W15,3299,W,15,W
2018,W16,3384,W,16,W
2018,X01,3323,W,1,X
2018,X02,3332,W,2,X
2018,X03,3326,W,3,X
2018,X04,3401,W,4,X
2018,X05,3177,W,5,X
2018,X06,3261,W,6,X
2018,X07,3453,W,7,X
2018,X08,3355,W,8,X
2018,X09,3437,W,9,X
2018,X10,3278,W,10,X
2018,X11,3141,W,11,X
2018,X12,3328,W,12,X
2018,X13,3179,W,13,X
2018,X14,3203,W,14,X
2018,X15,3370,W,15,X
2018,X16,3169,W,16,X
2018,Y01,3280,W,1,Y
2018,Y02,3400,W,2,Y
2018,Y03,3417,W,3,Y
2018,Y04,3301,W,4,Y
2018,Y05,3268,W,5,Y
2018,Y06,3234,W,6,Y
2018,Y07,3113,W,7,Y
2018,Y08,3393,W,8,Y
2018,Y09,3329,W,9,Y
2018,Y10,3304,W,10,Y
2018,Y11,3166,W,11,Y
2018,Y12,3343,W,12,Y
2018,Y13,3189,W,13,Y
2018,Y14,3110,W,14,Y
2018,Y15,3263,W,15,Y
2018,Y16,3311,W,16,Y
2018,Z01,3257,W,1,Z
2018,Z02,3124,W,2,Z
2018,Z03,3397,W,3,Z
2018,Z04,3390,W,4,Z
2018,Z05,3281,W,5,Z
2018,Z06,3333,W,6,Z
2018,Z07,3276,W,7,Z
2018,Z08,3266,W,8,Z
2018,Z09,3173,W,9,Z
2018,Z10,3294,W,10,Z
2018,Z11,3443,W,11,Z
2018,Z12,3195,W,12,Z
2018,Z13,3211,W,13,Z
2018,Z14,3251,W,14,Z
2018,Z15,3212,W,15,Z
2018,Z16,3129,W,16,Z
2019,W01,3257,W,1,W
2019,W02,3163,W,2,W
2019,W03,3268,W,3,W
2019,W04,3333,W,4,W
2019,W05,3211,W,5,W
2019,W06,3417,W,6,W
2019,W07,3353,W,7,W
2019,W08,3276,W,8,W
2019,W09,3243,W,9,W
2019,W10,3138,W,10,W
2019,W11,3397,W,11,W
2019,W12,3114,W,12,W
2019,W13,3129,W,13,W
2019,W14,3347,W,14,W
2019,W15,3406,W,15,W
2019,W16,3352,W,16,W
2019,X01,3323,W,1,X
2019,X02,3390,W,2,X
2019,X03,3235,W,3,X
2019,X04,3401,W,4,X
2019,X05,3266,W,5,X
2019,X06,3177,W,6,X
2019,X07,3140,W,7,X
2019,X08,3141,W,8,X
2019,X09,3277,W,9,X
2019,X10,3120,W,10,X
2019,X11,3283,W,11,X
2019,X12,3349,W,12,X
2019,X13,3460,W,13,X
2019,X14,3308,W,14,X
2019,X15,3413,W,15,X
2019,X16,3126,W,16,X
2019,Y01,3124,W,1,Y
2019,Y02,3234,W,2,Y
2019,Y03,3301,W,3,Y
2019,Y04,3376,W,4,Y
2019,Y05,3199,W,5,Y
2019,Y06,3246,W,6,Y
2019,Y07,3281,W,7,Y
2019,Y08,3143,W,8,Y
2019,Y09,3314,W,9,Y
2019,Y10,3179,W,10,Y
2019,Y11,3343,W,11,Y
2019,Y12,3137,W,12,Y
2019,Y13,3125,W,13,Y
2019,Y14,3263,W,14,Y
2019,Y15,3273,W,15,Y
2019,Y16,3101,W,16,Y
2019,Z01,3280,W,1,Z
2019,Z02,3332,W,2,Z
2019,Z03,3393,W,3,Z
2019,Z04,3274,W,4,Z
2019,Z05,3113,W,5,Z
2019,Z06,3355,W,6,Z
2019,Z07,3400,W,7,Z
2019,Z08,3377,W,8,Z
2019,Z09,3155,W,9,Z
2019,Z10,3231,W,10,Z
2019,Z11,3346,W,11,Z
2019,Z12,3416,W,12,Z
2019,Z13,3195,W,13,Z
2019,Z14,3200,W,14,Z
2019,Z15,3340,W,15,Z
2019,Z16,3380,W,16,Z
2021,W01,3390,W,1,W
2021,W02,3257,W,2,W
2021,W03,3208,W,3,W
2021,W04,3116,W,4,W
2021,W05,3283,W,5,W
2021,W06,3332,W,6,W
2021,W07,3321,W,7,W
2021,W08,3329,W,8,W
2021,W09,3448,W,9,W
2021,W10,3416,W,10,W
2021,W11,3377,W,11,W
2021,W12,3413,W,12,W
2021,W13,3460,W,13,W
2021,W14,3180,W,14,W
2021,W15,3265,W,15,W
2021,W16,3430,W,16,W
2021,X01,3376,W,1,X
2021,X02,3268,W,2,X
2021,X03,3417,W,3,X
2021,X04,3452,W,4,X
2021,X05,3210,W,5,X
2021,X06,3400,W,6,X
2021,X07,3104,W,7,X
2021,X08,3333,W,8,X
2021,X09,3199,W,9,X
2021,X10,3314,W,10,X
2021,X11,3133,W,11,X
2021,X12,3372,W,12,X
2021,X13,3250,W,13,X
2021,X14,3461,W,14,X
2021,X15,3291,W,15,X
2021,X16,3273,W,16,X
2021,Y01,3301,W,1,Y
2021,Y02,3401,W,2,Y
2021,Y03,3112,W,3,Y
2021,Y04,3231,W,4,Y
2021,Y05,3211,W,5,Y
2021,Y06,3353,W,6,Y
2021,Y07,3235,W,7,Y
2021,Y08,3378,W,8,Y
2021,Y09,3450,W,9,Y
2021,Y10,3277,W,10,Y
2021,Y11,3140,W,11,Y
2021,Y12,3125,W,12,Y
2021,Y13,3433,W,13,Y
2021,Y14,3392,W,14,Y
2021,Y15,3407,W,15,Y
2021,Y16,3299,W,16,Y
2021,Z01,3163,W,1,Z
2021,Z02,3124,W,2,Z
2021,Z03,3397,W,3,Z
2021,Z04,3246,W,4,Z
2021,Z05,3234,W,5,Z
2021,Z06,3276,W,6,Z
2021,Z07,3439,W,7,Z
2021,Z08,3393,W,8,Z
2021,Z09,3355,W,9,Z
2021,Z10,3266,W,10,Z
2021,Z11,3195,W,11,Z
2021,Z12,3141,W,12,Z
2021,Z13,3226,W,13,Z
2021,Z14,3292,W,14,Z
2021,Z15,3238,W,15,Z
2021,Z16,3219,W,16,Z
2022,W01,3301,W,1,W
2022,W02,3163,W,2,W
2022,W03,3231,W,3,W
2022,W04,3328,W,4,W
2022,W05,3323,W,5,W
2022,W06,3246,W,6,W
2022,W07,3416,W,7,W
2022,W08,3450,W,8,W
2022,W09,3243,W,9,W
2022,W10,3196,W,10,W
2022,W11,3343,W,11,W
2022,W12,3269,W,12,W
2022,W13,3237,W,13,W
2022,W14,3150,W,14,W
2022,W15,3273,W,15,W
2022,W16a,3255,W,16,W
2022,W16b,3291,W,16,W
2022,X01,3390,W,1,X
2022,X02,3400,W,2,X
2022,X03,3261,W,3,X
2022,X04,3268,W,4,X
2022,X05,3439,W,5,X
2022,X06,3326,W,6,X
2022,X07,3428,W,7,X
2022,X08,3242,W,8,X
2022,X09,3210,W,9,X
2022,X10,3116,W,10,X
2022,X11a,3199,W,11,X
2022,X11b,3283,W,11,X
2022,X12,3195,W,12,X
2022,X13,3174,W,13,X
2022,X14,3238,W,14,X
2022,X15,3193,W,15,X
2022,X16,3286,W,16,X
2022,Y01,3376,W,1,Y
2022,Y02,3234,W,2,Y
2022,Y03,3235,W,3,Y
2022,Y04,3112,W,4,Y
2022,Y05,3314,W,5,Y
2022,Y06,3208,W,6,Y
2022,Y07,3160,W,7,Y
2022,Y08,3274,W,8,Y
2022,Y09,3378,W,9,Y
2022,Y10,3166,W,10,Y
2022,Y11a,3173,W,11,Y
2022,Y11b,3177,W,11,Y
2022,Y12,3372,W,12,Y
2022,Y13,3424,W,13,Y
2022,Y14,3426,W,14,Y
2022,Y15,3229,W,15,Y
2022,Y16a,3224,W,16,Y
2022,Y16b,3230,W,16,Y
2022,Z01,3257,W,1,Z
2022,Z02,3124,W,2,Z
2022,Z03,3276,W,3,Z
2022,Z04,3397,W,4,Z
2022,Z05,3332,W,5,Z
2022,Z06,3140,W,6,Z
2022,Z07,3279,W,7,Z
2022,Z08,3304,W,8,Z
2022,Z09,3211,W,9,Z
2022,Z10,3377,W,10,Z
2022,Z11,3437,W,11,Z
2022,Z12,3125,W,12,Z
2022,Z13,3138,W,13,Z
2022,Z14,3110,W,14,Z
2022,Z15,3218,W,15,Z
2022,Z16,3107,W,16,Z
2023,W01,3376,W,1,W
2023,W02,3268,W,2,W
2023,W03,3323,W,3,W
2023,W04,3417,W,4,W
2023,W05,3328,W,5,W
2023,W06,3166,W,6,W
2023,W07,3112,W,7,W
2023,W08,3378,W,8,W
2023,W09,3266,W,9,W
2023,W10,3452,W,10,W
2023,W11a,3228,W,11,W
2023,W11b,3280,W,11,W
2023,W12,3339,W,12,W
2023,W13,3170,W,13,W
2023,W14,3381,W,14,W
2023,W15,3221,W,15,W
2023,W16,3313,W,16,W
2023,X01,3390,W,1,X
2023,X02,3234,W,2,X
2023,X03,3181,W,3,X
2023,X04,3400,W,4,X
2023,X05,3257,W,5,X
2023,X06,3160,W,6,X
2023,X07,3199,W,7,X
2023,X08,3279,W,8,X
2023,X09,3211,W,9,X
2023,X10,3208,W,10,X
2023,X11,3292,W,11,X
2023,X12,3179,W,12,X
2023,X13,3187,W,13,X
2023,X14,3233,W,14,X
2023,X15,3368,W,15,X
2023,X16a,3357,W,16,X
2023,X16b,3380,W,16,X
2023,Y01,3231,W,1,Y
2023,Y02,3428,W,2,Y
2023,Y03,3261,W,3,Y
2023,Y04,3437,W,4,Y
2023,Y05,3450,W,5,Y
2023,Y06,3276,W,6,Y
2023,Y07,3301,W,7,Y
2023,Y08,3329,W,8,Y
2023,Y09,3274,W,9,Y
2023,Y10,3343,W,10,Y
2023,Y11,3424,W,11,Y
2023,Y12,3195,W,12,Y
2023,Y13,3156,W,13,Y
2023,Y14,3218,W,14,Y
2023,Y15,3205,W,15,Y
2023,Y16a,3284,W,16,Y
2023,Y16b,3399,W,16,Y
2023,Z01,3439,W,1,Z
2023,Z02,3163,W,2,Z
2023,Z03,3326,W,3,Z
2023,Z04,3397,W,4,Z
2023,Z05,3235,W,5,Z
2023,Z06,3314,W,6,Z
2023,Z07,3124,W,7,Z
2023,Z08,3425,W,8,Z
2023,Z09,3355,W,9,Z
2023,Z10,3104,W,10,Z
2023,Z11a,3345,W,11,Z
2023,Z11b,3385,W,11,Z
2023,Z12,3405,W,12,Z
2023,Z13,3387,W,13,Z
2023,Z14,3241,W,14,Z
2023,Z15,3436,W,15,Z
2023,Z16,3151,W,16,Z
2024,W01,3376,W,1,W
2024,W02,3323,W,2,W
2024,W03,3333,W,3,W
2024,W04,3231,W,4,W
2024,W05,3328,W,5,W
2024,W06,3304,W,6,W
2024,W07,3279,W,7,W
2024,W08,3314,W,8,W
2024,W09,3277,W,9,W
2024,W10,3266,W,10,W
2024,W11,3401,W,11,W
2024,W12,3195,W,12,W
2024,W13,3193,W,13,W
2024,W14,3186,W,14,W
2024,W15,3245,W,15,W
2024,W16a,3342,W,16,W
2024,W16b,3357,W,16,W
2024,X01,3400,W,1,X
2024,X02,3390,W,2,X
2024,X03,3301,W,3,X
2024,X04,3211,W,4,X
2024,X05,3428,W,5,X
2024,X06,3397,W,6,X
2024,X07,3235,W,7,X
2024,X08,3104,W,8,X
2024,X09,3199,W,9,X
2024,X10,3268,W,10,X
2024,X11,3453,W,11,X
2024,X12,3355,W,12,X
2024,X13,3414,W,13,X
2024,X14,3151,W,14,X
2024,X15,3313,W,15,X
2024,X16,3180,W,16,X
2024,Y01,3234,W,1,Y
2024,Y02,3417,W,2,Y
2024,Y03,3261,W,3,Y
2024,Y04,3243,W,4,Y
2024,Y05,3160,W,5,Y
2024,Y06,3257,W,6,Y
2024,Y07,3166,W,7,Y
2024,Y08,3452,W,8,Y
2024,Y09,3343,W,9,Y
2024,Y10,3424,W,10,Y
2024,Y11,3292,W,11,Y
2024,Y12,3179,W,12,Y
2024,Y13,3339,W,13,Y
2024,Y14,3349,W,14,Y
2024,Y15,3465,W,15,Y
2024,Y16a,3221,W,16,Y
2024,Y16b,3404,W,16,Y
2024,Z01,3425,W,1,Z
2024,Z02,3326,W,2,Z
2024,Z03,3163,W,3,Z
2024,Z04,3439,W,4,Z
2024,Z05,3124,W,5,Z
2024,Z06,3393,W,6,Z
2024,Z07,3181,W,7,Z
2024,Z08,3242,W,8,Z
2024,Z09,3276,W,9,Z
2024,Z10,3350,W,10,Z
2024,Z11a,3112,W,11,Z
2024,Z11b,3120,W,11,Z
2024,Z12a,3162,W,12,Z
2024,Z12b,3435,W,12,Z
2024,Z13,3267,W,13,Z
2024,Z14,3238,W,14,Z
2024,Z15,3263,W,15,Z
2024,Z16,3394,W,16,Z
2025,W01,3376,W,1,W
2025,W02,3181,W,2,W
2025,W03,3314,W,3,W
2025,W04,3268,W,4,W
2025,W05,3104,W,5,W
2025,W06,3452,W,6,W
2025,W07,3435,W,7,W
2025,W08,3428,W,8,W
2025,W09,3231,W,9,W
2025,W10,3332,W,10,W
2025,W11a,3162,W,11,W
2025,W11b,3449,W,11,W
2025,W12,3453,W,12,W
2025,W13,3313,W,13,W
2025,W14,3333,W,14,W
2025,W15,3250,W,15,W
2025,W16,3399,W,16,W
2025,X01,3400,W,1,X
2025,X02,3395,W,2,X
2025,X03,3323,W,3,X
2025,X04,3326,W,4,X
2025,X05,3397,W,5,X
2025,X06,3276,W,6,X
2025,X07,3257,W,7,X
2025,X08,3228,W,8,X
2025,X09,3166,W,9,X
2025,X10,3304,W,10,X
2025,X11a,3235,W,11,X
2025,X11b,3343,W,11,X
2025,X12,3378,W,12,X
2025,X13,3286,W,13,X
2025,X14,3372,W,14,X
2025,X15,3192,W,15,X
2025,X16a,3219,W,16,X
2025,X16b,3456,W,16,X
2025,Y01,3417,W,1,Y
2025,Y02,3301,W,2,Y
2025,Y03,3261,W,3,Y
2025,Y04,3124,W,4,Y
2025,Y05,3279,W,5,Y
2025,Y06,3199,W,6,Y
2025,Y07,3277,W,7,Y
2025,Y08,3350,W,8,Y
2025,Y09,3210,W,9,Y
2025,Y10,3217,W,10,Y
2025,Y11,3206,W,11,Y
2025,Y12,3123,W,12,Y
2025,Y13,3213,W,13,Y
2025,Y14,3361,W,14,Y
2025,Y15,3436,W,15,Y
2025,Y16a,3380,W,16,Y
2025,Y16b,3471,W,16,Y
2025,Z01,3425,W,1,Z
2025,Z02,3163,W,2,Z
2025,Z03,3328,W,3,Z
2025,Z04,3246,W,4,Z
2025,Z05,3243,W,5,Z
2025,Z06,3234,W,6,Z
2025,Z07,3329,W,7,Z
2025,Z08,3143,W,8,Z
2025,Z09,3280,W,9,Z
2025,Z10,3355,W,10,Z
2025,Z11,3293,W,11,Z
2025,Z12,3193,W,12,Z
2025,Z13,3251,W,13,Z
2025,Z14,3195,W,14,Z
2025,Z15,3117,W,15,Z
2025,Z16,3422,W,16,Z
